AAAC,BSLNRYMNUE
AAAC,BSLNFYULQF
AAAC,BSLNRMTXWT
AAAC,BSLNCJICLZ
AAAC,BSLNGEUJLZ
AAAC,BSLNHBKEEB
AAAC,BSLNUWYEFS
AAAC,BSLNJJOTDF
AAAC,BSLNTPMDAW
AAAC,BSLNWAIOBK
AAEP,BSLNWHPGQB
AAEP,BSLNIKSQIQ
AAEP,BSLNRKECVE
AAEP,BSLNAVFBNZ
AAEP,BSLNAKBLFG
AAEP,BSLNSEVSIZ
AAEP,BSLNQKKZOX
AAEP,BSLNURQJIJ
AAEP,BSLNOKPEMB
AAEP,BSLNLAGESR
AAPCJ,BSLNSWNKJZ
AAPCJ,BSLNIWNXKA
AAPCJ,BSLNSCIWVT
AAPCJ,BSLNPYXHIN
AAPCJ,BSLNQVXROT
AAPCJ,BSLNLLXWXN
AAPCJ,BSLNCEDBJI
AAPCJ,BSLNYRJVOZ
AAPCJ,BSLNAFZWOT
AAPCJ,BSLNKBXYSV
AAW,BSLNRYVVMI
AAW,BSLNEIZLKC
AAW,BSLNSJZSEV
AAW,BSLNXURLQU
AAW,BSLNDVEGWH
AAW,BSLNUDRTGC
AAW,BSLNKTLKLF
AAW,BSLNWRCARX
AAW,BSLNRIVYIK
AAW,BSLNCPQDTB
ABKPT,BSLNSHXGBQ
ABKPT,BSLNSRSGGZ
ABKPT,BSLNTUOZUC
ABKPT,BSLNUISPGA
ABKPT,BSLNFGUHIV
ABKPT,BSLNUVMXPU
ABKPT,BSLNLEOKLN
ABKPT,BSLNIDASOZ
ABKPT,BSLNFFFAEO
ABKPT,BSLNPUBKQR
ABTRY,BSLNVXOLXI
ABTRY,BSLNCTQSRD
ABTRY,BSLNLDTOSI
ABTRY,BSLNZFCNWP
ABTRY,BSLNEXECZQ
ABTRY,BSLNQCNVKS
ABTRY,BSLNRKTYMT
ABTRY,BSLNSDXOQE
ABTRY,BSLNJSQLWA
ABTRY,BSLNHKEWTI
ACC,BSLNTYRZNF
ACC,BSLNKWLZKM
ACC,BSLNNXBUWJ
ACC,BSLNVSGIUS
ACC,BSLNTIBPBB
ACC,BSLNXJHZHH
ACC,BSLNWXOYFU
ACC,BSLNIZJQTC
ACC,BSLNDKUDOT
ACC,BSLNUXHRLT
ACFWA,BSLNIRFAXA
ACFWA,BSLNHVYYNU
ACFWA,BSLNPSLLGP
ACFWA,BSLNKSVFUH
ACFWA,BSLNSHTOVT
ACFWA,BSLNWYYPUA
ACFWA,BSLNBGDNND
ACFWA,BSLNMEFAGR
ACFWA,BSLNVWVHEA
ACFWA,BSLNWICSRR
ACNT,BSLNVVWXBQ
ACNT,BSLNFRBPBJ
ACNT,BSLNIYGRVO
ACNT,BSLNEZVHKE
ACNT,BSLNHKMCPI
ACNT,BSLNGQSVLS
ACNT,BSLNNTKOWO
ACNT,BSLNSLENHI
ACNT,BSLNORPFPV
ACNT,BSLNMEAEBE
ACSC,BSLNLMXPIU
ACSC,BSLNQNECDJ
ACSC,BSLNDJGNTT
ACSC,BSLNOZPEEB
ACSC,BSLNAJDTQV
ACSC,BSLNVDONLH
ACSC,BSLNCBKSTD
ACSC,BSLNLOJHIW
ACSC,BSLNQBOZKN
ACSC,BSLNVIFUXR
ACTVE,BSLNFLKKTZ
ACTVE,BSLNIEJSCD
ACTVE,BSLNNFIUUQ
ACTVE,BSLNWWTORC
ACTVE,BSLNBXLSLK
ACTVE,BSLNVWSZCB
ACTVE,BSLNOXPZZZ
ACTVE,BSLNKQEUSY
ACTVE,BSLNKSWFXM
ACTVE,BSLNTULZGA
ADEO,BSLNWYYYGB
ADEO,BSLNMWIBBD
ADEO,BSLNTYYIEQ
ADEO,BSLNJWIORG
ADEO,BSLNDHJTLD
ADEO,BSLNHMYWZF
ADEO,BSLNSJHSKH
ADEO,BSLNPZIBLZ
ADEO,BSLNXQCTIK
ADEO,BSLNZXVXIY
ADSEA,BSLNXRJWKT
ADSEA,BSLNAYYCZQ
ADSEA,BSLNXYCLGD
ADSEA,BSLNCNXGHC
ADSEA,BSLNIYDPJK
ADSEA,BSLNKVVILY
ADSEA,BSLNQSYACY
ADSEA,BSLNTOWHTE
ADSEA,BSLNMQCRJG
ADSEA,BSLNRSJWBN
AECST,BSLNMKVXYP
AECST,BSLNNGPIJQ
AECST,BSLNIVANDP
AECST,BSLNXMYDHV
AECST,BSLNJZLRBZ
AECST,BSLNRQZLUV
AECST,BSLNGWIOLS
AECST,BSLNTFFZIG
AECST,BSLNNOAMAU
AECST,BSLNYUIZEL
AESBC,BSLNKUBMBW
AESBC,BSLNCYORKE
AESBC,BSLNNNSXPT
AESBC,BSLNOOSJRG
AESBC,BSLNXDRVRX
AESBC,BSLNTPMWWY
AESBC,BSLNKVADZN
AESBC,BSLNRDXKHS
AESBC,BSLNITDUAW
AESBC,BSLNEBERUH
AFD,BSLNLDNFKY
AFD,BSLNHWVEDL
AFD,BSLNUWYVFY
AFD,BSLNHWBEQJ
AFD,BSLNYCTAPP
AFD,BSLNQGZYNY
AFD,BSLNABUUAF
AFD,BSLNFBZPJP
AFD,BSLNIANXCL
AFD,BSLNROFWIS
AFRS,BSLNEATJKD
AFRS,BSLNSCSKVT
AFRS,BSLNMWLYFI
AFRS,BSLNOXXECZ
AFRS,BSLNWMVUMI
AFRS,BSLNSUEOKL
AFRS,BSLNNFEMFM
AFRS,BSLNZBWRJF
AFRS,BSLNUHVUUU
AFRS,BSLNARVKCC
AHDA,BSLNAHKFOY
AHDA,BSLNFCYGRM
AHDA,BSLNSCSFKZ
AHDA,BSLNUYEVZJ
AHDA,BSLNGLCAZF
AHDA,BSLNUKHMJD
AHDA,BSLNWSTSGS
AHDA,BSLNGMKKSV
AHDA,BSLNXLWBCR
AHDA,BSLNBZEYNL
AIC,BSLNPDERYH
AIC,BSLNFINQAO
AIC,BSLNLTGWUC
AIC,BSLNVUOGKM
AIC,BSLNTIWCOJ
AIC,BSLNLKCNVQ
AIC,BSLNUZXGRP
AIC,BSLNWYUXGB
AIC,BSLNVMPODN
AIC,BSLNHIMKSM
AKLRK,BSLNPKSEIG
AKLRK,BSLNMOYXSR
AKLRK,BSLNQUJCWO
AKLRK,BSLNTIHVVC
AKLRK,BSLNLBVDSM
AKLRK,BSLNERBNHT
AKLRK,BSLNFAHCJS
AKLRK,BSLNLLCRON
AKLRK,BSLNPCBKMS
AKLRK,BSLNESMHYE
ALDGL,BSLNNYCYRJ
ALDGL,BSLNIFSPYS
ALDGL,BSLNCNTALE
ALDGL,BSLNGEZREW
ALDGL,BSLNWWKPAK
ALDGL,BSLNPNDKLW
ALDGL,BSLNHSHITN
ALDGL,BSLNJMFVLG
ALDGL,BSLNPTFCWL
ALDGL,BSLNYAGMMC
AMC,BSLNHGWTLO
AMC,BSLNUFXWII
AMC,BSLNJCAEDU
AMC,BSLNIYLSER
AMC,BSLNNHBPHW
AMC,BSLNNLBPDC
AMC,BSLNNKKUKG
AMC,BSLNNYPEPG
AMC,BSLNBYLAMO
AMC,BSLNKNJWQQ
AMMD,BSLNUTUHRU
AMMD,BSLNEICTRU
AMMD,BSLNXSOEWO
AMMD,BSLNAXKTRW
AMMD,BSLNKDDZLB
AMMD,BSLNXJBRNO
AMMD,BSLNBGRGQP
AMMD,BSLNHCQNOF
AMMD,BSLNQQVTBH
AMMD,BSLNSBHKOE
AMSPS,BSLNJRDJAU
AMSPS,BSLNZSSUJC
AMSPS,BSLNRSERVL
AMSPS,BSLNTDBUPB
AMSPS,BSLNMEIKUC
AMSPS,BSLNSYMSNY
AMSPS,BSLNXVBYIJ
AMSPS,BSLNAUGAQS
AMSPS,BSLNTJMDVD
AMSPS,BSLNFXTUQS
ANOFV,BSLNKFQVMP
ANOFV,BSLNZENVNG
ANOFV,BSLNCQNNBR
ANOFV,BSLNHDHINA
ANOFV,BSLNGSDWRC
ANOFV,BSLNLASPSU
ANOFV,BSLNSVRYNF
ANOFV,BSLNAQXNRF
ANOFV,BSLNFOAHPN
ANOFV,BSLNJUNMLR
APAB,BSLNQCYEPS
APAB,BSLNTQBPOX
APAB,BSLNWHHGWK
APAB,BSLNFVPEOX
APAB,BSLNUNBNBI
APAB,BSLNEJSTVN
APAB,BSLNDZBHDL
APAB,BSLNLCCNFV
APAB,BSLNEMDTSV
APAB,BSLNKMJYFY
APDRB,BSLNJYZQGQ
APDRB,BSLNBWKFQX
APDRB,BSLNRSNJGJ
APDRB,BSLNUKSUME
APDRB,BSLNCJUCLM
APDRB,BSLNKAZZKD
APDRB,BSLNEIOSTC
APDRB,BSLNGWCSEI
APDRB,BSLNRCDSEO
APDRB,BSLNSQMLHJ
APSF,BSLNRZZKRI
APSF,BSLNAGEWVS
APSF,BSLNTJAPCS
APSF,BSLNEJRTXL
APSF,BSLNWYQVTI
APSF,BSLNMEMKQX
APSF,BSLNDNXVDC
APSF,BSLNBEDCVM
APSF,BSLNXEWYIH
APSF,BSLNAIBONI
ARDCO,BSLNWYRWEK
ARDCO,BSLNNFVIHS
ARDCO,BSLNPMLZVI
ARDCO,BSLNUCHQVG
ARDCO,BSLNUFJUBI
ARDCO,BSLNTWVMFT
ARDCO,BSLNXCFFKW
ARDCO,BSLNMLDPJS
ARDCO,BSLNQUAMTP
ARDCO,BSLNQPDQIQ
ARPC,BSLNABOPRK
ARPC,BSLNVEMLUD
ARPC,BSLNRGNIYE
ARPC,BSLNSTCGQN
ARPC,BSLNZPEJJU
ARPC,BSLNBGAOXY
ARPC,BSLNKAJQYY
ARPC,BSLNIIHPLM
ARPC,BSLNBBGWYV
ARPC,BSLNKTDHAO
ASB,BSLNPINQMB
ASB,BSLNQLRPUT
ASB,BSLNFVRAJJ
ASB,BSLNYONMXY
ASB,BSLNPXUSPU
ASB,BSLNRZWFAR
ASB,BSLNWZCCGJ
ASB,BSLNAMDODW
ASB,BSLNPNKHPW
ASB,BSLNUMOWBR
ASF,BSLNOWFGWB
ASF,BSLNQCRQRJ
ASF,BSLNZFIPYO
ASF,BSLNVGSEAF
ASF,BSLNRTTHKS
ASF,BSLNMECZNO
ASF,BSLNFCWQIC
ASF,BSLNGZXHMB
ASF,BSLNBKQAOP
ASF,BSLNDIRTWT
ASPDI,BSLNVTXWVS
ASPDI,BSLNTSABGM
ASPDI,BSLNBDCSWL
ASPDI,BSLNXYBMLV
ASPDI,BSLNTUOLUK
ASPDI,BSLNXZIVAZ
ASPDI,BSLNQDDQCK
ASPDI,BSLNOUSMGP
ASPDI,BSLNPDLQBF
ASPDI,BSLNGPMVFX
ASSOS,BSLNQVVINK
ASSOS,BSLNZLTOZP
ASSOS,BSLNLLFAIT
ASSOS,BSLNCDRGRD
ASSOS,BSLNRHYYEX
ASSOS,BSLNGMHEZZ
ASSOS,BSLNJZKNKR
ASSOS,BSLNBJBKVA
ASSOS,BSLNOERRRC
ASSOS,BSLNAJATPX
ATD,BSLNRLBQQD
ATD,BSLNLBVKNE
ATD,BSLNJLGNQV
ATD,BSLNWENLZS
ATD,BSLNSEKGUG
ATD,BSLNNBWFJR
ATD,BSLNIEFZAS
ATD,BSLNAEAZXX
ATD,BSLNJFUFUW
ATD,BSLNOZGSQH
ATR,BSLNBNZUFH
ATR,BSLNPSMVZH
ATR,BSLNMCWEEI
ATR,BSLNJDCFKT
ATR,BSLNTBIWAZ
ATR,BSLNQOAOWH
ATR,BSLNIOVGSM
ATR,BSLNBOVMFW
ATR,BSLNLPIKSY
ATR,BSLNUGLGWL
AUMMM,BSLNUYKTPK
AUMMM,BSLNGOVDXK
AUMMM,BSLNCIEYNB
AUMMM,BSLNSXHAQH
AUMMM,BSLNFCHWVF
AUMMM,BSLNIQJOAT
AUMMM,BSLNLCRJBY
AUMMM,BSLNZDSCPQ
AUMMM,BSLNHHYJEG
AUMMM,BSLNCXDJVL
AWB,BSLNIKCUUZ
AWB,BSLNNZDOBU
AWB,BSLNAOAHTK
AWB,BSLNRJCXLK
AWB,BSLNPFLQRW
AWB,BSLNKRANDH
AWB,BSLNLPDBPA
AWB,BSLNJETXQR
AWB,BSLNXCFVVV
AWB,BSLNRMAEGH
AWSGT,BSLNQHLFGZ
AWSGT,BSLNYIODBN
AWSGT,BSLNQPAHYO
AWSGT,BSLNQHCOBW
AWSGT,BSLNISDAAB
AWSGT,BSLNRYPDHE
AWSGT,BSLNEBGIHA
AWSGT,BSLNKEQGLG
AWSGT,BSLNKOOUAE
AWSGT,BSLNZPMTJW
BAASE,BSLNBJRPJZ
BAASE,BSLNOXYPKZ
BAASE,BSLNOKHPYM
BAASE,BSLNWOHJCJ
BAASE,BSLNHUTGPB
BAASE,BSLNACLUDE
BAASE,BSLNAJLZTJ
BAASE,BSLNEYFMAK
BAASE,BSLNSVYVAJ
BAASE,BSLNNIPWPU
BAMH,BSLNJZAMQO
BAMH,BSLNHCXFGF
BAMH,BSLNRSRMMA
BAMH,BSLNGXCYRT
BAMH,BSLNLGUPNV
BAMH,BSLNINSDEB
BAMH,BSLNDQZEBY
BAMH,BSLNCIALHD
BAMH,BSLNXZMIGA
BAMH,BSLNEHAXLC
BATWS,BSLNYXWDCH
BATWS,BSLNJXWESX
BATWS,BSLNZICECQ
BATWS,BSLNUJQJJA
BATWS,BSLNZERQNS
BATWS,BSLNZXPHOR
BATWS,BSLNVXVQZF
BATWS,BSLNABCUTR
BATWS,BSLNRPVZRT
BATWS,BSLNSCOQSC
BCA,BSLNWDOGPY
BCA,BSLNEAKGKA
BCA,BSLNHYYYEC
BCA,BSLNCAZYKP
BCA,BSLNBBVOHK
BCA,BSLNJTEUOD
BCA,BSLNBLVIWY
BCA,BSLNJTCYYI
BCA,BSLNYJXJGY
BCA,BSLNCKXVXM
BCELC,BSLNLJZADR
BCELC,BSLNGOUQSD
BCELC,BSLNZGLDDI
BCELC,BSLNQBENMO
BCELC,BSLNCBGRLU
BCELC,BSLNSKTXIL
BCELC,BSLNKBLZFV
BCELC,BSLNNHGODN
BCELC,BSLNLVFKBM
BCELC,BSLNLSBTRD
BCW,BSLNCAJELV
BCW,BSLNCDFQHD
BCW,BSLNHHCOEG
BCW,BSLNCIUQQI
BCW,BSLNLOTKIX
BCW,BSLNLMXXNB
BCW,BSLNRONYLY
BCW,BSLNNYZYOR
BCW,BSLNAWWGDC
BCW,BSLNEQVHZJ
BDP,BSLNQHPBWR
BDP,BSLNHZSGVW
BDP,BSLNBBZTSG
BDP,BSLNYLXMKT
BDP,BSLNZCUEPN
BDP,BSLNGVNRUE
BDP,BSLNIVUGRT
BDP,BSLNCTGBAC
BDP,BSLNDJIFEH
BDP,BSLNPKGLDD
BES,BSLNSNGPDK
BES,BSLNEFRHUW
BES,BSLNFNMMYZ
BES,BSLNOMFPZY
BES,BSLNGORZVL
BES,BSLNUHDWBH
BES,BSLNVZDSXI
BES,BSLNUWAHSN
BES,BSLNNAYBGR
BES,BSLNPNFUQA
BFLA,BSLNCZPNEC
BFLA,BSLNLURHZI
BFLA,BSLNSAWNAS
BFLA,BSLNJACJOT
BFLA,BSLNPMSTAS
BFLA,BSLNTARANM
BFLA,BSLNMSIFZS
BFLA,BSLNBZCEVQ
BFLA,BSLNUEVFKO
BFLA,BSLNVEIJFI
BGS,BSLNCPQROP
BGS,BSLNLRKIEN
BGS,BSLNHDHYMP
BGS,BSLNSNOUZB
BGS,BSLNZJTETH
BGS,BSLNLLDIOK
BGS,BSLNWVVZMG
BGS,BSLNHCAPGT
BGS,BSLNEOHTRC
BGS,BSLNOPHRHU
BHMR,BSLNFAHISB
BHMR,BSLNOQQMBH
BHMR,BSLNZOPOTF
BHMR,BSLNVMCSRM
BHMR,BSLNHFDJQO
BHMR,BSLNCXISDY
BHMR,BSLNSCYFGL
BHMR,BSLNAGQUGX
BHMR,BSLNAQYAIH
BHMR,BSLNUOYRCT
BINTL,BSLNJGPTRK
BINTL,BSLNZXQZNC
BINTL,BSLNFDCLMI
BINTL,BSLNFYQAFG
BINTL,BSLNBUULRV
BINTL,BSLNXHGZYA
BINTL,BSLNILLAGC
BINTL,BSLNBJMUEZ
BINTL,BSLNZVYQEM
BINTL,BSLNYPJUID
BITN,BSLNSGDNAU
BITN,BSLNPOGROG
BITN,BSLNPUHSOW
BITN,BSLNZXPQSY
BITN,BSLNTFDZRC
BITN,BSLNKRJSLD
BITN,BSLNQJMIMF
BITN,BSLNGMJYFI
BITN,BSLNWBBAWB
BITN,BSLNJEMSJJ
BLPDC,BSLNACXFXB
BLPDC,BSLNEGUEWF
BLPDC,BSLNPVXPAU
BLPDC,BSLNQXHQMK
BLPDC,BSLNKQLZIL
BLPDC,BSLNHEWNAB
BLPDC,BSLNKVWEFZ
BLPDC,BSLNZIBSAT
BLPDC,BSLNKEIVVP
BLPDC,BSLNHOEWQR
BMI,BSLNTJUVSU
BMI,BSLNJWQFMN
BMI,BSLNHJYGMF
BMI,BSLNHJNNAS
BMI,BSLNRJRUZJ
BMI,BSLNZXNRWE
BMI,BSLNYWVZGP
BMI,BSLNKQJTJG
BMI,BSLNZLIEQD
BMI,BSLNLYQNJH
BMWSS,BSLNLCZHAB
BMWSS,BSLNNDSUED
BMWSS,BSLNMTJKFY
BMWSS,BSLNRFZWQU
BMWSS,BSLNHEWNSW
BMWSS,BSLNQSCZWY
BMWSS,BSLNCIFBPN
BMWSS,BSLNRUPHQF
BMWSS,BSLNHQXRCC
BMWSS,BSLNIXMAIW
BOC,BSLNCSHDYO
BOC,BSLNEOKBIN
BOC,BSLNQPGBUY
BOC,BSLNKPYZFF
BOC,BSLNTRTXQB
BOC,BSLNWMTWIN
BOC,BSLNKIBYHO
BOC,BSLNNHQFJK
BOC,BSLNEENJUL
BOC,BSLNUGYHJO
BPBCA,BSLNBADCGS
BPBCA,BSLNDRXVHG
BPBCA,BSLNNXLBVK
BPBCA,BSLNLYBXED
BPBCA,BSLNNFMDLO
BPBCA,BSLNMOXAPL
BPBCA,BSLNOZNVUW
BPBCA,BSLNLTAXQK
BPBCA,BSLNWGXPUI
BPBCA,BSLNXKSLYK
BPLCC,BSLNWBEGFD
BPLCC,BSLNCNOSGD
BPLCC,BSLNIBIFVC
BPLCC,BSLNVILDHJ
BPLCC,BSLNRPBMVP
BPLCC,BSLNKNEPXO
BPLCC,BSLNBDLSAQ
BPLCC,BSLNWLJAJG
BPLCC,BSLNRYHBDJ
BPLCC,BSLNXKYZWM
BRCL,BSLNUHYETS
BRCL,BSLNDXOLPL
BRCL,BSLNOAVWKX
BRCL,BSLNISAIEG
BRCL,BSLNTCPDDI
BRCL,BSLNAFFXSI
BRCL,BSLNWQDGFO
BRCL,BSLNSJKNNY
BRCL,BSLNKTOTFN
BRCL,BSLNUKLSGO
BRPT,BSLNAUUCLS
BRPT,BSLNBIUHJI
BRPT,BSLNPPTQOP
BRPT,BSLNIEBOWO
BRPT,BSLNQKJWYQ
BRPT,BSLNUKTCWJ
BRPT,BSLNAFVAZU
BRPT,BSLNVJYKSI
BRPT,BSLNOLXFIJ
BRPT,BSLNRPMYBE
BSCEA,BSLNPQYBPG
BSCEA,BSLNHOLNCG
BSCEA,BSLNUMIEDM
BSCEA,BSLNQTEXLA
BSCEA,BSLNDFETQX
BSCEA,BSLNWNFCQI
BSCEA,BSLNZUFQCD
BSCEA,BSLNYXAMHF
BSCEA,BSLNGKUPNB
BSCEA,BSLNJCKSYZ
BSI,BSLNPGZOEZ
BSI,BSLNWQCHGV
BSI,BSLNUQGONV
BSI,BSLNMCBYHG
BSI,BSLNPTWIIQ
BSI,BSLNEGBYEF
BSI,BSLNYEDQXH
BSI,BSLNTBHLRE
BSI,BSLNPTKMKD
BSI,BSLNWCIHMX
BSS,BSLNQICZJD
BSS,BSLNNBALRQ
BSS,BSLNRDQTRA
BSS,BSLNJYQDMN
BSS,BSLNCVMELP
BSS,BSLNXXLPZP
BSS,BSLNZGGLZC
BSS,BSLNBTUNPM
BSS,BSLNSGDESM
BSS,BSLNZAYQSR
BTJA,BSLNKOQWMJ
BTJA,BSLNALZRHH
BTJA,BSLNJEDNCC
BTJA,BSLNEFIHLS
BTJA,BSLNTGSACS
BTJA,BSLNRQCLWC
BTJA,BSLNBZLJQM
BTJA,BSLNEYCNFV
BTJA,BSLNKXLXFD
BTJA,BSLNTSACUG
BTSE,BSLNCIMOBW
BTSE,BSLNKCGIIO
BTSE,BSLNOCQEZQ
BTSE,BSLNUYUDDA
BTSE,BSLNFFROZM
BTSE,BSLNTBMMVD
BTSE,BSLNBTACCV
BTSE,BSLNVYVQWB
BTSE,BSLNJPVPEB
BTSE,BSLNOAOIEO
BVJAO,BSLNVFTRYE
BVJAO,BSLNMJWLMU
BVJAO,BSLNQOONHZ
BVJAO,BSLNMMCOZP
BVJAO,BSLNWZEKBF
BVJAO,BSLNSSEUUH
BVJAO,BSLNXEUSGF
BVJAO,BSLNEDNPWN
BVJAO,BSLNQHXIDL
BVJAO,BSLNHVXXTY
BZW,BSLNBPTCED
BZW,BSLNAGRLIU
BZW,BSLNRDHRUS
BZW,BSLNSRVFPF
BZW,BSLNKTYYUT
BZW,BSLNVBDHMB
BZW,BSLNBEMZDB
BZW,BSLNYHYRRR
BZW,BSLNWSPRBU
BZW,BSLNHFKVSG
CABRM,BSLNUGMYRL
CABRM,BSLNDLTQYH
CABRM,BSLNQKVEZK
CABRM,BSLNLXRWNX
CABRM,BSLNJABUNX
CABRM,BSLNYBYXLC
CABRM,BSLNYNYRIK
CABRM,BSLNCAXVCT
CABRM,BSLNJRQOVK
CABRM,BSLNOOXWFB
CAGW,BSLNNOUAGH
CAGW,BSLNJGETEU
CAGW,BSLNYHSGJH
CAGW,BSLNLGJDXF
CAGW,BSLNQHHCLU
CAGW,BSLNDUYMVI
CAGW,BSLNZYVDJK
CAGW,BSLNHHFWCE
CAGW,BSLNIGMZAE
CAGW,BSLNNMXUCY
CAS,BSLNYPDBCC
CAS,BSLNHNSYGC
CAS,BSLNOPFUSO
CAS,BSLNAQQISO
CAS,BSLNBTFONZ
CAS,BSLNVWDFSA
CAS,BSLNLFYMUC
CAS,BSLNEKCEQN
CAS,BSLNBOGLYQ
CAS,BSLNEMJVNQ
CBC,BSLNWIKOMD
CBC,BSLNMQQBZZ
CBC,BSLNBIQCQT
CBC,BSLNSYGNKD
CBC,BSLNFRMLLJ
CBC,BSLNZTCLGA
CBC,BSLNSEOWBL
CBC,BSLNQOCECS
CBC,BSLNSEIZBA
CBC,BSLNMMJTPO
CBHFS,BSLNYUCVMH
CBHFS,BSLNDHFHCR
CBHFS,BSLNHCHHBZ
CBHFS,BSLNXIHGPY
CBHFS,BSLNEQZPOY
CBHFS,BSLNXCZWKJ
CBHFS,BSLNWQPUFG
CBHFS,BSLNEDZKSV
CBHFS,BSLNJCQCEO
CBHFS,BSLNABLNOH
CBPVF,BSLNZDVHCS
CBPVF,BSLNSNAFJU
CBPVF,BSLNPPCIAI
CBPVF,BSLNYNFHJB
CBPVF,BSLNRQHQWU
CBPVF,BSLNFXCBJO
CBPVF,BSLNSSSPHT
CBPVF,BSLNZDLBZQ
CBPVF,BSLNULNMDA
CBPVF,BSLNFXKRFE
CBU,BSLNMCUPIC
CBU,BSLNVKBYAX
CBU,BSLNWMANFW
CBU,BSLNEVJRVQ
CBU,BSLNJQXQGO
CBU,BSLNFPXXCW
CBU,BSLNJLJOUH
CBU,BSLNRKDKWD
CBU,BSLNDCJVXC
CBU,BSLNFDTFFV
CCE,BSLNVILLOJ
CCE,BSLNUWHRPO
CCE,BSLNGRPQAB
CCE,BSLNZSZCLL
CCE,BSLNYYFYRR
CCE,BSLNLBMRUI
CCE,BSLNNNUETC
CCE,BSLNXSQVAY
CCE,BSLNFYLLZL
CCE,BSLNMGAPRQ
CCL,BSLNDZQVRS
CCL,BSLNXVTOKH
CCL,BSLNQSQXHD
CCL,BSLNSNLZUR
CCL,BSLNUDHAIR
CCL,BSLNPHYNYT
CCL,BSLNIIWAND
CCL,BSLNKGSSHC
CCL,BSLNLHXCAX
CCL,BSLNUMUZFA
CCPL,BSLNTGQFLW
CCPL,BSLNPEIPCG
CCPL,BSLNMCGULI
CCPL,BSLNZOCQFS
CCPL,BSLNYQIAOK
CCPL,BSLNCOAHYB
CCPL,BSLNMQCREY
CCPL,BSLNAZYXUG
CCPL,BSLNQNXZWU
CCPL,BSLNYORJYO
CCVA,BSLNTGDNNE
CCVA,BSLNOMFBBA
CCVA,BSLNBIPPUP
CCVA,BSLNRZZGNB
CCVA,BSLNRDIWQK
CCVA,BSLNMFURLP
CCVA,BSLNOZLPIZ
CCVA,BSLNPINPJY
CCVA,BSLNQYUNIR
CCVA,BSLNBJVZKR
CDH,BSLNIPOKOU
CDH,BSLNBVBXWL
CDH,BSLNFMHFXV
CDH,BSLNAFVVLE
CDH,BSLNJOJFIQ
CDH,BSLNNZJIDG
CDH,BSLNZWPPEQ
CDH,BSLNTCOZFF
CDH,BSLNJZWPTV
CDH,BSLNLKCKNP
CDRIC,BSLNZPUXLE
CDRIC,BSLNVYGSXG
CDRIC,BSLNDVGCZO
CDRIC,BSLNQNTLCA
CDRIC,BSLNIKOIJW
CDRIC,BSLNPBZENA
CDRIC,BSLNQJCAIC
CDRIC,BSLNLKWLTA
CDRIC,BSLNUWYGZA
CDRIC,BSLNEMCTZP
CEBTL,BSLNPNCRME
CEBTL,BSLNGAWRFM
CEBTL,BSLNJDWCDJ
CEBTL,BSLNLKOXCA
CEBTL,BSLNCNKFZB
CEBTL,BSLNUGWXFR
CEBTL,BSLNDXXBNL
CEBTL,BSLNBHBSBH
CEBTL,BSLNPFKIMA
CEBTL,BSLNFNWGEE
CEIS,BSLNVBCMLI
CEIS,BSLNSCOTHS
CEIS,BSLNHHACUV
CEIS,BSLNPRKAGE
CEIS,BSLNCAKIEG
CEIS,BSLNBRVYAP
CEIS,BSLNWBQCND
CEIS,BSLNUNKRKJ
CEIS,BSLNLQZDMK
CEIS,BSLNFXUTKY
CERDT,BSLNBDABPO
CERDT,BSLNVOSXNI
CERDT,BSLNASULTV
CERDT,BSLNOVYLBB
CERDT,BSLNUHEZQD
CERDT,BSLNTHYEOZ
CERDT,BSLNKBPNPU
CERDT,BSLNUOYVQX
CERDT,BSLNBJDJDB
CERDT,BSLNLMLXTZ
CEW,BSLNVEJRFH
CEW,BSLNURESPM
CEW,BSLNBFSPJA
CEW,BSLNJVBJYL
CEW,BSLNEEWNTR
CEW,BSLNYUPWBX
CEW,BSLNEMUHYH
CEW,BSLNHGOWCK
CEW,BSLNJBMGCE
CEW,BSLNVFYTXO
CFFMC,BSLNWHDFQK
CFFMC,BSLNZTXZYB
CFFMC,BSLNFSFMBN
CFFMC,BSLNAMJEVV
CFFMC,BSLNXGLMQM
CFFMC,BSLNWWVRIH
CFFMC,BSLNJPDJPU
CFFMC,BSLNQNWSTE
CFFMC,BSLNWLFOEB
CFFMC,BSLNFHMFYM
CFS,BSLNNERZYJ
CFS,BSLNHKTIQA
CFS,BSLNOMHRAQ
CFS,BSLNXMZRRT
CFS,BSLNAPGNJZ
CFS,BSLNRGNKJS
CFS,BSLNFNQUAT
CFS,BSLNJYXHOM
CFS,BSLNWKYZUW
CFS,BSLNJEFJSK
CGDLS,BSLNOIIWFQ
CGDLS,BSLNLXITWG
CGDLS,BSLNFOMESF
CGDLS,BSLNUHVORC
CGDLS,BSLNPEHSPI
CGDLS,BSLNVNDKAD
CGDLS,BSLNDKSKTH
CGDLS,BSLNXUZFKE
CGDLS,BSLNMSTDJH
CGDLS,BSLNOWFKCF
CGSS,BSLNAUPBNF
CGSS,BSLNKRNISG
CGSS,BSLNMDTHEL
CGSS,BSLNPSUAZM
CGSS,BSLNOGVQHB
CGSS,BSLNZYCYUE
CGSS,BSLNNGVKHJ
CGSS,BSLNVOEAUZ
CGSS,BSLNXPGZHH
CGSS,BSLNVANMTW
CHGO,BSLNXRXOKG
CHGO,BSLNQOKURZ
CHGO,BSLNUIYVXQ
CHGO,BSLNEANWNB
CHGO,BSLNOZQMDZ
CHGO,BSLNIXCJOW
CHGO,BSLNMVHOBW
CHGO,BSLNOTGIWC
CHGO,BSLNXEKPDK
CHGO,BSLNDMQFVM
CIC,BSLNEYEMXN
CIC,BSLNCINBGI
CIC,BSLNBIHICB
CIC,BSLNHFFZTK
CIC,BSLNNNIXDT
CIC,BSLNTIFRAH
CIC,BSLNUZMUYR
CIC,BSLNCBRQYF
CIC,BSLNKLDLOK
CIC,BSLNMGQJWL
CIMWR,BSLNMQRQLI
CIMWR,BSLNTNSPOP
CIMWR,BSLNJCYFZU
CIMWR,BSLNPZBFFW
CIMWR,BSLNMUNXJJ
CIMWR,BSLNWTLQVC
CIMWR,BSLNEJVAOL
CIMWR,BSLNQZTKVC
CIMWR,BSLNDBNHAZ
CIMWR,BSLNTWFZKN
CJER,BSLNKCTITF
CJER,BSLNUAVKXO
CJER,BSLNDWNITM
CJER,BSLNZZTRVE
CJER,BSLNVOYHLI
CJER,BSLNAZJOCO
CJER,BSLNOAUFSK
CJER,BSLNQNUGHK
CJER,BSLNSCYQZH
CJER,BSLNMEWXTX
CKAC,BSLNGWLJKM
CKAC,BSLNDHWHKX
CKAC,BSLNIEXZMD
CKAC,BSLNZYFSKC
CKAC,BSLNCEORCK
CKAC,BSLNIWTLOS
CKAC,BSLNIUKHZR
CKAC,BSLNIYUNOJ
CKAC,BSLNOAFIPX
CKAC,BSLNCWXWYH
CLFFA,BSLNFOQCRJ
CLFFA,BSLNATUBMS
CLFFA,BSLNYSMCNN
CLFFA,BSLNIAZHGX
CLFFA,BSLNOPJQBB
CLFFA,BSLNLZIFXD
CLFFA,BSLNNPXMQN
CLFFA,BSLNEAZMAB
CLFFA,BSLNWDANGO
CLFFA,BSLNCCPPMZ
CLSE,BSLNUOEWMV
CLSE,BSLNLYGAPO
CLSE,BSLNSASKAB
CLSE,BSLNFOKNSF
CLSE,BSLNIHYWPF
CLSE,BSLNYZMISG
CLSE,BSLNJDNQIW
CLSE,BSLNAKAMBF
CLSE,BSLNCMXNTM
CLSE,BSLNQMZKLO
CMDA,BSLNSAILMZ
CMDA,BSLNMQAPAA
CMDA,BSLNGVJQOG
CMDA,BSLNSLLAGX
CMDA,BSLNHCIKTV
CMDA,BSLNJFGQPW
CMDA,BSLNXAWVYX
CMDA,BSLNNKATQG
CMDA,BSLNFYMDRH
CMDA,BSLNGSUATH
CMISJ,BSLNUBMILN
CMISJ,BSLNPBTYOL
CMISJ,BSLNYIFDPZ
CMISJ,BSLNUIDDNN
CMISJ,BSLNGGNTVA
CMISJ,BSLNNAKVCL
CMISJ,BSLNGJEETX
CMISJ,BSLNIMTEFM
CMISJ,BSLNPOSFDO
CMISJ,BSLNVRYLPH
CMS,BSLNCRMXIX
CMS,BSLNEXTMKM
CMS,BSLNNTYXZI
CMS,BSLNYUMCTD
CMS,BSLNNTSGSL
CMS,BSLNFIXLFN
CMS,BSLNONQJFQ
CMS,BSLNUMZSFE
CMS,BSLNMLCCSS
CMS,BSLNCFFXCT
CNC,BSLNDATOLV
CNC,BSLNBBOTJH
CNC,BSLNXXOWEV
CNC,BSLNSQLEJM
CNC,BSLNFSRZGO
CNC,BSLNNGTKHC
CNC,BSLNLJKLFV
CNC,BSLNRJENDB
CNC,BSLNQWXLYP
CNC,BSLNXQHACY
COD,BSLNXGQXMD
COD,BSLNTFHCZJ
COD,BSLNSRSOPS
COD,BSLNIYRDJG
COD,BSLNNIERAW
COD,BSLNHPLGNE
COD,BSLNYTIVWB
COD,BSLNMRNFBZ
COD,BSLNBCWPQA
COD,BSLNBQPUOG
CPA,BSLNEDPGNF
CPA,BSLNHOZQNP
CPA,BSLNOMLEXN
CPA,BSLNKVQNUF
CPA,BSLNHTMYLP
CPA,BSLNVXLRWQ
CPA,BSLNDSPOOH
CPA,BSLNTHMHZK
CPA,BSLNDYBVZS
CPA,BSLNFJKBYP
CPDA,BSLNPVRSNT
CPDA,BSLNRVIHLE
CPDA,BSLNIZCECS
CPDA,BSLNOFUJGG
CPDA,BSLNZVTVIR
CPDA,BSLNRJUFHC
CPDA,BSLNHZCFMX
CPDA,BSLNWMVSJB
CPDA,BSLNJNGUZD
CPDA,BSLNZVELEO
CPFPV,BSLNSRZGZD
CPFPV,BSLNINZMXG
CPFPV,BSLNTISXVV
CPFPV,BSLNEANNCD
CPFPV,BSLNKSPZGZ
CPFPV,BSLNMKAOOC
CPFPV,BSLNJJIIJI
CPFPV,BSLNAFSOQD
CPFPV,BSLNTRKVIB
CPFPV,BSLNBGXSCS
CPMP,BSLNXAMPEM
CPMP,BSLNBOWEAY
CPMP,BSLNBQEHQM
CPMP,BSLNGLUIOZ
CPMP,BSLNHGDUCM
CPMP,BSLNAYYUVA
CPMP,BSLNABELBW
CPMP,BSLNBPYSBN
CPMP,BSLNWUHYVT
CPMP,BSLNKZCOPL
CPS,BSLNEFWFVD
CPS,BSLNAQHKRY
CPS,BSLNYPEBGY
CPS,BSLNNTPYNY
CPS,BSLNQSPDKM
CPS,BSLNFQIMRY
CPS,BSLNFXQKEA
CPS,BSLNJHGHSH
CPS,BSLNPRWPZZ
CPS,BSLNLHFRWE
CPVDT,BSLNXDVRBI
CPVDT,BSLNERNNVL
CPVDT,BSLNHMBOLD
CPVDT,BSLNXZVEQO
CPVDT,BSLNEVLEGW
CPVDT,BSLNFBBOUM
CPVDT,BSLNZKLLLL
CPVDT,BSLNSJXSUY
CPVDT,BSLNGYWGCC
CPVDT,BSLNEYEBNB
CRAM,BSLNRUIPDG
CRAM,BSLNJIDGDJ
CRAM,BSLNUVMDFY
CRAM,BSLNCHUOXP
CRAM,BSLNNNWFYM
CRAM,BSLNLEAOEF
CRAM,BSLNOXMHNS
CRAM,BSLNRCWYJC
CRAM,BSLNKQJXIX
CRAM,BSLNAFLLYO
CRDM,BSLNZSAITA
CRDM,BSLNGNGVRR
CRDM,BSLNTKDGYZ
CRDM,BSLNODRVJE
CRDM,BSLNMITRVT
CRDM,BSLNSYVAYL
CRDM,BSLNBFJTUH
CRDM,BSLNVDLJYI
CRDM,BSLNMASZIN
CRDM,BSLNHJFUUO
CRM,BSLNDDPVJG
CRM,BSLNEJAWAP
CRM,BSLNJEHATW
CRM,BSLNPOQNHZ
CRM,BSLNPEXMWV
CRM,BSLNALZRWY
CRM,BSLNAYGJWT
CRM,BSLNUGXJMI
CRM,BSLNTYTNBO
CRM,BSLNKXQMBC
CRS,BSLNOPAEQL
CRS,BSLNABUGXV
CRS,BSLNHAANYR
CRS,BSLNPAQSJP
CRS,BSLNLPCJYK
CRS,BSLNEKEGTA
CRS,BSLNVDUQOV
CRS,BSLNASSMGQ
CRS,BSLNUPAZFC
CRS,BSLNUHQREX
CSALS,BSLNUJTKQL
CSALS,BSLNZYWQCE
CSALS,BSLNVSGZGA
CSALS,BSLNXFKSHG
CSALS,BSLNXKEEHQ
CSALS,BSLNKHFKZL
CSALS,BSLNYQHICN
CSALS,BSLNMGCLSH
CSALS,BSLNYYMIGZ
CSALS,BSLNNIEYZL
CSDCL,BSLNHECNWE
CSDCL,BSLNQGGVPM
CSDCL,BSLNWNFMGF
CSDCL,BSLNZYPKQA
CSDCL,BSLNWNHEJF
CSDCL,BSLNCTDKDQ
CSDCL,BSLNENJTVR
CSDCL,BSLNUQZRRU
CSDCL,BSLNCHVKBX
CSDCL,BSLNUTAZAB
CSG,BSLNVOPKOW
CSG,BSLNYDIKCZ
CSG,BSLNGCRTGE
CSG,BSLNRVIJBR
CSG,BSLNSSWZEV
CSG,BSLNXNOHQU
CSG,BSLNRNTTEX
CSG,BSLNVGAZZZ
CSG,BSLNQKLVMX
CSG,BSLNEWJMUJ
CSLC,BSLNZEVNPZ
CSLC,BSLNTRGUYB
CSLC,BSLNVLOHFY
CSLC,BSLNOKOKEA
CSLC,BSLNJZKXBS
CSLC,BSLNPTKFQH
CSLC,BSLNFXMVIY
CSLC,BSLNSBQXYQ
CSLC,BSLNNNOJEO
CSLC,BSLNOVHWUN
CSPE,BSLNUOIEOO
CSPE,BSLNZGPJZN
CSPE,BSLNICRWYW
CSPE,BSLNBMXQAK
CSPE,BSLNTWDNVG
CSPE,BSLNFRAXVV
CSPE,BSLNHJBQZM
CSPE,BSLNGMKBSP
CSPE,BSLNDDZTWI
CSPE,BSLNJVYEBS
CSSS,BSLNWYKUAB
CSSS,BSLNEYOZES
CSSS,BSLNBEAPXZ
CSSS,BSLNLLMBMY
CSSS,BSLNJVBKDJ
CSSS,BSLNWYVHVU
CSSS,BSLNXSYAAO
CSSS,BSLNMUMKTS
CSSS,BSLNJIDUSM
CSSS,BSLNUCRZTE
CTC,BSLNOZZITM
CTC,BSLNDFSHIH
CTC,BSLNBHQTBB
CTC,BSLNVHNWCH
CTC,BSLNPJGKII
CTC,BSLNLMSIYF
CTC,BSLNEVYFOK
CTC,BSLNHBWQRU
CTC,BSLNKHBHBP
CTC,BSLNMTYFMQ
CTIB,BSLNOTNJYE
CTIB,BSLNWTDBWP
CTIB,BSLNXMGQGV
CTIB,BSLNGUKHGT
CTIB,BSLNVYKSOU
CTIB,BSLNEEQSZS
CTIB,BSLNIPPVXP
CTIB,BSLNYYIMLK
CTIB,BSLNGRZMXK
CTIB,BSLNHEQGBZ
CTRTT,BSLNTUWVWP
CTRTT,BSLNHZQIRV
CTRTT,BSLNFPJKFG
CTRTT,BSLNIYWKNU
CTRTT,BSLNCRMOIW
CTRTT,BSLNWHPYPB
CTRTT,BSLNXCDTRO
CTRTT,BSLNZHQLMD
CTRTT,BSLNNJWYXH
CTRTT,BSLNGRZKKJ
CUS,BSLNGOMPDB
CUS,BSLNRYFASS
CUS,BSLNMOIDNC
CUS,BSLNMDLGKD
CUS,BSLNZNQTPH
CUS,BSLNXEALXK
CUS,BSLNVSASLF
CUS,BSLNXWTJGW
CUS,BSLNYBMBJI
CUS,BSLNOLJHML
CVRC,BSLNLDPDHV
CVRC,BSLNBNRAOS
CVRC,BSLNICKPXC
CVRC,BSLNNDHPBS
CVRC,BSLNDCSEIQ
CVRC,BSLNKKRJBY
CVRC,BSLNYKTKYK
CVRC,BSLNOGPCUP
CVRC,BSLNHOSLGU
CVRC,BSLNEGVARC
CWMI,BSLNJPNQLS
CWMI,BSLNRZKBMS
CWMI,BSLNLUJXHA
CWMI,BSLNASQRGM
CWMI,BSLNKQYBXS
CWMI,BSLNUCGSHO
CWMI,BSLNGXSCLC
CWMI,BSLNDGDKNA
CWMI,BSLNMMXFTL
CWMI,BSLNMPPNHD
DAADS,BSLNANBKWM
DAADS,BSLNLCTPTK
DAADS,BSLNZKICRQ
DAADS,BSLNVHQOPJ
DAADS,BSLNMUVGUP
DAADS,BSLNAQQWPP
DAADS,BSLNSZLLPV
DAADS,BSLNHPTWDP
DAADS,BSLNGVKUVC
DAADS,BSLNPSUFXD
DAO,BSLNCXRMZA
DAO,BSLNXXUCAT
DAO,BSLNJATLME
DAO,BSLNRMKPQH
DAO,BSLNHSECSZ
DAO,BSLNLHYRKG
DAO,BSLNANUVXG
DAO,BSLNGDQOKF
DAO,BSLNUWWNIB
DAO,BSLNOGHOVC
DBH,BSLNGTMZNR
DBH,BSLNPZOHWM
DBH,BSLNELFFWS
DBH,BSLNLDZZAK
DBH,BSLNVCNLCQ
DBH,BSLNMUMVIG
DBH,BSLNIDPGYQ
DBH,BSLNAOJJIT
DBH,BSLNAUHRXR
DBH,BSLNJZHEFB
DCADE,BSLNGNGVLW
DCADE,BSLNQLKRXT
DCADE,BSLNOVESEF
DCADE,BSLNZJRQGR
DCADE,BSLNDCLHYK
DCADE,BSLNFLIRRT
DCADE,BSLNRELWFI
DCADE,BSLNAGGBHY
DCADE,BSLNAMHREX
DCADE,BSLNRRCRNF
DCE,BSLNCBBNFX
DCE,BSLNMKHRVH
DCE,BSLNLMNMFY
DCE,BSLNTBDTXM
DCE,BSLNGIMPVK
DCE,BSLNUMUGRF
DCE,BSLNXWGDHK
DCE,BSLNRKVAEW
DCE,BSLNOPBEBG
DCE,BSLNNGWDCR
DCMP,BSLNFENWNI
DCMP,BSLNEGSGUB
DCMP,BSLNOWETAS
DCMP,BSLNPBGNDB
DCMP,BSLNVMNPLP
DCMP,BSLNPAVYAZ
DCMP,BSLNJPUMHN
DCMP,BSLNMFUFTD
DCMP,BSLNCQJYQX
DCMP,BSLNLSNYSS
DDDHR,BSLNXUNJKQ
DDDHR,BSLNEVLSEP
DDDHR,BSLNTWXGPC
DDDHR,BSLNGEMKKZ
DDDHR,BSLNAVYZDK
DDDHR,BSLNLLPPFS
DDDHR,BSLNVFEYMY
DDDHR,BSLNYTOCLA
DDDHR,BSLNFZBTRD
DDDHR,BSLNDDFROC
DEGJ,BSLNXTIAVF
DEGJ,BSLNELTAUN
DEGJ,BSLNRZSHXW
DEGJ,BSLNNOBFSS
DEGJ,BSLNTLRNJF
DEGJ,BSLNJEOCPC
DEGJ,BSLNNPZAQD
DEGJ,BSLNGTQSBS
DEGJ,BSLNWJGJVU
DEGJ,BSLNQURLDX
DFAIC,BSLNMAKUZT
DFAIC,BSLNFPNYHP
DFAIC,BSLNDRCXIB
DFAIC,BSLNYOHLKV
DFAIC,BSLNDVCCDJ
DFAIC,BSLNMBCZYK
DFAIC,BSLNXQBQTS
DFAIC,BSLNZOEXPU
DFAIC,BSLNOPVBBT
DFAIC,BSLNZABEMC
DGLRA,BSLNBGFHNR
DGLRA,BSLNJYYPHM
DGLRA,BSLNCPQKOT
DGLRA,BSLNVFMIRC
DGLRA,BSLNYHDFTV
DGLRA,BSLNLUHAEA
DGLRA,BSLNOHRWJE
DGLRA,BSLNZTFEGB
DGLRA,BSLNGWKUVI
DGLRA,BSLNAMBIAP
DHNW,BSLNPTLOOA
DHNW,BSLNXVHZKR
DHNW,BSLNVTFKWM
DHNW,BSLNGIMDNA
DHNW,BSLNIGYMUS
DHNW,BSLNVJLJGV
DHNW,BSLNSPIMAP
DHNW,BSLNETGUMR
DHNW,BSLNOSSIFW
DHNW,BSLNDGJMQT
DISH,BSLNUBRUED
DISH,BSLNGEKEAX
DISH,BSLNRHOZDE
DISH,BSLNPYHVPJ
DISH,BSLNTWBUWD
DISH,BSLNAKDCIQ
DISH,BSLNEXQRHT
DISH,BSLNFDQMLN
DISH,BSLNSGILPB
DISH,BSLNSADSUA
DLIR,BSLNNFVKSV
DLIR,BSLNLDMATX
DLIR,BSLNUYKZYP
DLIR,BSLNXAHMPA
DLIR,BSLNQBCAEZ
DLIR,BSLNSNTVEB
DLIR,BSLNMYPONM
DLIR,BSLNBALIWP
DLIR,BSLNKDGFBF
DLIR,BSLNGKLQEV
DMJR,BSLNTCATBU
DMJR,BSLNFLMPUK
DMJR,BSLNHEOKMM
DMJR,BSLNUMPXCF
DMJR,BSLNHUVQJR
DMJR,BSLNKSVRRK
DMJR,BSLNMCTDEL
DMJR,BSLNXRENKY
DMJR,BSLNKTLGZE
DMJR,BSLNBBRMUT
DMSL,BSLNPWACTL
DMSL,BSLNQHBUNY
DMSL,BSLNYOONRN
DMSL,BSLNJMODCS
DMSL,BSLNMDKKLQ
DMSL,BSLNNFIBHX
DMSL,BSLNAQCNXH
DMSL,BSLNPWLSQS
DMSL,BSLNLUBRFM
DMSL,BSLNFIABYJ
DOTC,BSLNOSZGOM
DOTC,BSLNUKLBLX
DOTC,BSLNGXZQFD
DOTC,BSLNKTAWEW
DOTC,BSLNCVFQEF
DOTC,BSLNXYXPBE
DOTC,BSLNWZWUXU
DOTC,BSLNRDFBET
DOTC,BSLNRXMOHW
DOTC,BSLNYBAVFF
DPCTO,BSLNFSRSCI
DPCTO,BSLNYZSOTB
DPCTO,BSLNLLQUIN
DPCTO,BSLNJNBZMP
DPCTO,BSLNCQZYUL
DPCTO,BSLNPGTIAR
DPCTO,BSLNTJPMAU
DPCTO,BSLNJGKACU
DPCTO,BSLNPZQQLC
DPCTO,BSLNGUMNNG
DPP,BSLNEUMOGC
DPP,BSLNGESPDX
DPP,BSLNHGCGGS
DPP,BSLNJNMLEH
DPP,BSLNZPTQUC
DPP,BSLNFIOGUY
DPP,BSLNGBCHGM
DPP,BSLNGLVAOW
DPP,BSLNIUOCER
DPP,BSLNSRHQYR
DQOA,BSLNDEPCBU
DQOA,BSLNCHGIXE
DQOA,BSLNRUEXIJ
DQOA,BSLNWQMLTV
DQOA,BSLNBFBEBL
DQOA,BSLNQJAGGU
DQOA,BSLNNWKGCM
DQOA,BSLNAWZWTI
DQOA,BSLNGJXAHF
DQOA,BSLNPRDBRH
DRRIT,BSLNLJMSLL
DRRIT,BSLNCMLDQM
DRRIT,BSLNMSIIOM
DRRIT,BSLNFNMFAZ
DRRIT,BSLNRZLZEU
DRRIT,BSLNDUDEMU
DRRIT,BSLNCXZYWB
DRRIT,BSLNYDKAZM
DRRIT,BSLNNNJXBX
DRRIT,BSLNBOUIPK
DSBL,BSLNKRBZMO
DSBL,BSLNTILMOS
DSBL,BSLNUBUGQE
DSBL,BSLNVOWZZQ
DSBL,BSLNYHXSLE
DSBL,BSLNRJUSPK
DSBL,BSLNOQQAYW
DSBL,BSLNGJSIUP
DSBL,BSLNAOKLPE
DSBL,BSLNEJWEBL
DSMA,BSLNOXXWJJ
DSMA,BSLNPKCRUV
DSMA,BSLNRWWSXW
DSMA,BSLNXHBQWH
DSMA,BSLNXYPDAC
DSMA,BSLNPSSDNO
DSMA,BSLNSXCKAM
DSMA,BSLNZAKCND
DSMA,BSLNQOMQLL
DSMA,BSLNDUVGPE
DSSES,BSLNECAVWI
DSSES,BSLNALSTYR
DSSES,BSLNZGQASG
DSSES,BSLNNSHMCJ
DSSES,BSLNYEWHGH
DSSES,BSLNAKXKEQ
DSSES,BSLNPPPQPF
DSSES,BSLNCDMUYQ
DSSES,BSLNVUDOZP
DSSES,BSLNICOBTB
DTGTV,BSLNXPXTEK
DTGTV,BSLNFTOWJF
DTGTV,BSLNOGXYVX
DTGTV,BSLNWHYBDN
DTGTV,BSLNOUJIEJ
DTGTV,BSLNKACHXY
DTGTV,BSLNQIPLRO
DTGTV,BSLNRIAMKJ
DTGTV,BSLNENQPOT
DTGTV,BSLNWXAJHQ
DTSH,BSLNMYMBYX
DTSH,BSLNBZMEEN
DTSH,BSLNAVBCVT
DTSH,BSLNTSCWTJ
DTSH,BSLNPTVXBX
DTSH,BSLNSBUCHH
DTSH,BSLNADMSQJ
DTSH,BSLNFIXNMX
DTSH,BSLNFEZULO
DTSH,BSLNVDDHRI
DVP,BSLNGGZXES
DVP,BSLNCNPCSZ
DVP,BSLNIWYWNT
DVP,BSLNLPXKSB
DVP,BSLNDEUEXB
DVP,BSLNZSVREO
DVP,BSLNGYCXFR
DVP,BSLNSXROFF
DVP,BSLNADNIMP
DVP,BSLNBGBINI
DYP,BSLNYMADQD
DYP,BSLNJYOPRX
DYP,BSLNTIKTPD
DYP,BSLNTBUFPO
DYP,BSLNERCMTG
DYP,BSLNIUWTRI
DYP,BSLNXWWAWZ
DYP,BSLNGHNDSB
DYP,BSLNYLDSZF
DYP,BSLNMZBCDE
EAI,BSLNNOQVPO
EAI,BSLNXVCXTC
EAI,BSLNIPBJFL
EAI,BSLNBCYFEQ
EAI,BSLNUQYWQU
EAI,BSLNQANPOC
EAI,BSLNJJHVNF
EAI,BSLNXYIXQB
EAI,BSLNHWDILN
EAI,BSLNDQKNLB
EATLU,BSLNNVGRLA
EATLU,BSLNPOXNJD
EATLU,BSLNZONIRT
EATLU,BSLNLUDYMI
EATLU,BSLNEDDIWI
EATLU,BSLNONIEMT
EATLU,BSLNSJPMYV
EATLU,BSLNYPDRKQ
EATLU,BSLNEAYKKY
EATLU,BSLNUBTTMA
EBKLG,BSLNUXANKX
EBKLG,BSLNOUBYKY
EBKLG,BSLNTZIPLM
EBKLG,BSLNBPJTYZ
EBKLG,BSLNTVCPTP
EBKLG,BSLNSRSYDO
EBKLG,BSLNEQNHAZ
EBKLG,BSLNQIDKIN
EBKLG,BSLNMWVHQZ
EBKLG,BSLNEPNYZZ
ECAWS,BSLNREWFJQ
ECAWS,BSLNYTQPQI
ECAWS,BSLNHYUGSJ
ECAWS,BSLNSZXTCJ
ECAWS,BSLNONCFZU
ECAWS,BSLNIXDZYO
ECAWS,BSLNIUMNUR
ECAWS,BSLNARSAEN
ECAWS,BSLNUFTWRB
ECAWS,BSLNPTVQSS
ECIRP,BSLNXJJJZQ
ECIRP,BSLNUUABWW
ECIRP,BSLNDXJVXE
ECIRP,BSLNMYRSOK
ECIRP,BSLNJNIQYW
ECIRP,BSLNZSENQM
ECIRP,BSLNFULITW
ECIRP,BSLNLURSLY
ECIRP,BSLNJZAAGS
ECIRP,BSLNCCXTDS
ECRTA,BSLNXQIQCQ
ECRTA,BSLNJGAANO
ECRTA,BSLNOPJUTD
ECRTA,BSLNNWJBMK
ECRTA,BSLNFJTZDU
ECRTA,BSLNZKLIKU
ECRTA,BSLNMDODQM
ECRTA,BSLNTTJXSS
ECRTA,BSLNPVUMXV
ECRTA,BSLNZZJRAL
EDH,BSLNSNBWDY
EDH,BSLNYSWNAF
EDH,BSLNLOWIPC
EDH,BSLNCDDMYI
EDH,BSLNEUNUBN
EDH,BSLNDKZOQZ
EDH,BSLNNBQVXU
EDH,BSLNXJFHKH
EDH,BSLNNNZDMS
EDH,BSLNREYMAE
EELF,BSLNEYVPMX
EELF,BSLNSLKDKV
EELF,BSLNBVADXO
EELF,BSLNWLHVUL
EELF,BSLNQRBVTX
EELF,BSLNEKPVGL
EELF,BSLNVTQMXY
EELF,BSLNMTESJQ
EELF,BSLNMIJPAQ
EELF,BSLNBEWCZS
EFM,BSLNHBDKZL
EFM,BSLNJCLGPU
EFM,BSLNWCICRL
EFM,BSLNYFYOJR
EFM,BSLNQJRCCM
EFM,BSLNGGNSTA
EFM,BSLNBXPCSL
EFM,BSLNWUEUUV
EFM,BSLNMVJDKZ
EFM,BSLNTAYCJD
EHEDT,BSLNVZLEVZ
EHEDT,BSLNOSYIVM
EHEDT,BSLNDXZMSI
EHEDT,BSLNAFTGKD
EHEDT,BSLNWBHUPI
EHEDT,BSLNNNVGGW
EHEDT,BSLNKOIXUO
EHEDT,BSLNVLEVMZ
EHEDT,BSLNMXVPTC
EHEDT,BSLNXZWCAV
EIL,BSLNQGSYAS
EIL,BSLNZAVQJE
EIL,BSLNRILWEU
EIL,BSLNKYAFCG
EIL,BSLNWPAWOT
EIL,BSLNNLISAL
EIL,BSLNFXIZBD
EIL,BSLNHPHVUL
EIL,BSLNKLCFOU
EIL,BSLNBYXEYZ
EJG,BSLNRIDAYA
EJG,BSLNHSSAWF
EJG,BSLNRCKQYG
EJG,BSLNMWPKOF
EJG,BSLNZGEBHS
EJG,BSLNRRZQOH
EJG,BSLNXZBWNL
EJG,BSLNJZZECF
EJG,BSLNGLJBHH
EJG,BSLNFROKBN
EMAC,BSLNHTUCHY
EMAC,BSLNOLWFCJ
EMAC,BSLNUODFBY
EMAC,BSLNAEKSBQ
EMAC,BSLNAOYUHG
EMAC,BSLNTAVSXT
EMAC,BSLNOSWKFI
EMAC,BSLNOBZMHF
EMAC,BSLNGQLNYH
EMAC,BSLNOCTRUJ
EMII,BSLNFFDFGG
EMII,BSLNCZBOQU
EMII,BSLNKEMJJV
EMII,BSLNCJIUYK
EMII,BSLNNCPATJ
EMII,BSLNXTSWYE
EMII,BSLNNRBYMI
EMII,BSLNFWEDJW
EMII,BSLNCVMYIW
EMII,BSLNIDDYUI
EMSNE,BSLNVIGUHS
EMSNE,BSLNWLNCBR
EMSNE,BSLNJHBRRG
EMSNE,BSLNVFKLEM
EMSNE,BSLNZXYRSP
EMSNE,BSLNTYTCLO
EMSNE,BSLNQDDAUZ
EMSNE,BSLNQJLWAB
EMSNE,BSLNMWJYBM
EMSNE,BSLNCXNVUK
EORNE,BSLNWSQZPI
EORNE,BSLNXNKRJO
EORNE,BSLNGYUJGJ
EORNE,BSLNXFIQCU
EORNE,BSLNUIRHRC
EORNE,BSLNWZBBFY
EORNE,BSLNUBYXOY
EORNE,BSLNQMAHRL
EORNE,BSLNRELZVK
EORNE,BSLNUVAAZR
EPM,BSLNATRAUR
EPM,BSLNMKBHCT
EPM,BSLNZWPUIN
EPM,BSLNRTWOMU
EPM,BSLNLPAMDY
EPM,BSLNNJMRVJ
EPM,BSLNCUYDQU
EPM,BSLNVYHHTB
EPM,BSLNVKFUKU
EPM,BSLNHIQMRX
ERCO,BSLNECNDWQ
ERCO,BSLNJYIDVO
ERCO,BSLNGNZTUX
ERCO,BSLNZJUBOP
ERCO,BSLNVPAIEZ
ERCO,BSLNDVPOXL
ERCO,BSLNVWIZTA
ERCO,BSLNSWOIKT
ERCO,BSLNSEKJRC
ERCO,BSLNJYCDNQ
ERS,BSLNAUJEMB
ERS,BSLNTDFKUP
ERS,BSLNVKYSON
ERS,BSLNDUNFNO
ERS,BSLNYXZOXO
ERS,BSLNACEUQH
ERS,BSLNMRGSNB
ERS,BSLNAZPYTG
ERS,BSLNIVVZVF
ERS,BSLNAPYOUW
ESDCF,BSLNVTKTJH
ESDCF,BSLNJGTXPP
ESDCF,BSLNOWPNNH
ESDCF,BSLNEQCUNK
ESDCF,BSLNHTAQJB
ESDCF,BSLNRDEYEO
ESDCF,BSLNLNJVGW
ESDCF,BSLNDBDVMV
ESDCF,BSLNDMKUSW
ESDCF,BSLNBOGHWD
ESMS,BSLNJEKWBL
ESMS,BSLNEHVIOR
ESMS,BSLNXFWMWY
ESMS,BSLNBTRAGN
ESMS,BSLNYRPJCY
ESMS,BSLNJJFWUG
ESMS,BSLNCOWUFY
ESMS,BSLNZGKNXR
ESMS,BSLNYZCOWW
ESMS,BSLNXEEVNE
ESS,BSLNFEXXEY
ESS,BSLNLOSFYW
ESS,BSLNMKHFOR
ESS,BSLNDYWUBY
ESS,BSLNDECGRG
ESS,BSLNQOXFGA
ESS,BSLNHPWDBQ
ESS,BSLNIZUXMI
ESS,BSLNURICMS
ESS,BSLNHERFWM
ETB,BSLNIKFHXU
ETB,BSLNNUKLPE
ETB,BSLNYMDVJO
ETB,BSLNYIUJGO
ETB,BSLNUPYJGB
ETB,BSLNABTWRI
ETB,BSLNMYBXYW
ETB,BSLNWCDHKJ
ETB,BSLNLISJTL
ETB,BSLNGFQAKU
ETESM,BSLNYXUQJM
ETESM,BSLNBGLKOD
ETESM,BSLNOJAWML
ETESM,BSLNBBFEUY
ETESM,BSLNBOOUSF
ETESM,BSLNBLZDUX
ETESM,BSLNFFKWGM
ETESM,BSLNUOIFIR
ETESM,BSLNOYYIZA
ETESM,BSLNALFODY
EUPPC,BSLNYWOFPT
EUPPC,BSLNNIGVXW
EUPPC,BSLNCKUYFU
EUPPC,BSLNXHIILW
EUPPC,BSLNQBPIIJ
EUPPC,BSLNXGMDRY
EUPPC,BSLNLNQRPY
EUPPC,BSLNVXTQNC
EUPPC,BSLNTNOUYA
EUPPC,BSLNEOQPPP
EWCLR,BSLNWHUZNK
EWCLR,BSLNJKHQKK
EWCLR,BSLNWXAGPL
EWCLR,BSLNUHATGZ
EWCLR,BSLNYHBHVK
EWCLR,BSLNOQVAFQ
EWCLR,BSLNYEIWPG
EWCLR,BSLNAZIOTL
EWCLR,BSLNMWIJTY
EWCLR,BSLNPVKDYG
FACSF,BSLNXFTUOA
FACSF,BSLNDABUFI
FACSF,BSLNXTROMY
FACSF,BSLNQPFFIV
FACSF,BSLNYPCQUD
FACSF,BSLNZDICYT
FACSF,BSLNSSPMMX
FACSF,BSLNJKOTVC
FACSF,BSLNUKKDAU
FACSF,BSLNBCDLNI
FALP,BSLNKEKPWF
FALP,BSLNYOYMAY
FALP,BSLNYHRQTF
FALP,BSLNEVSBIP
FALP,BSLNTAOKTF
FALP,BSLNHERDVA
FALP,BSLNSVIQAD
FALP,BSLNDHLYWX
FALP,BSLNIAKYDC
FALP,BSLNIMVELF
FBDLI,BSLNKEWIXY
FBDLI,BSLNREHBXY
FBDLI,BSLNZZEBGX
FBDLI,BSLNCCJVVP
FBDLI,BSLNGMLXGA
FBDLI,BSLNWQOSBD
FBDLI,BSLNILGDMX
FBDLI,BSLNZXHVZV
FBDLI,BSLNYIRJVT
FBDLI,BSLNCRKYHZ
FCCC,BSLNLIKJVT
FCCC,BSLNSLJZUR
FCCC,BSLNFXNOCN
FCCC,BSLNJDSJSV
FCCC,BSLNUAQLIG
FCCC,BSLNJKVQJP
FCCC,BSLNCPCVCU
FCCC,BSLNPLJVVI
FCCC,BSLNTSCNDJ
FCCC,BSLNTLHIXF
FCR,BSLNPQYBCI
FCR,BSLNCUDKQS
FCR,BSLNGDKPER
FCR,BSLNXACHSD
FCR,BSLNXCXVKS
FCR,BSLNMEYPPL
FCR,BSLNASMVMJ
FCR,BSLNCUPVIU
FCR,BSLNOYDEAU
FCR,BSLNWUORGK
FDMGH,BSLNQIJQYO
FDMGH,BSLNKUGKTN
FDMGH,BSLNDJZYPZ
FDMGH,BSLNWLCQEF
FDMGH,BSLNRQBLOH
FDMGH,BSLNFQWQXY
FDMGH,BSLNCXLDSI
FDMGH,BSLNVQGXJY
FDMGH,BSLNZQOWZV
FDMGH,BSLNWAASIL
FEPCI,BSLNKHGJXL
FEPCI,BSLNEZRADD
FEPCI,BSLNQUDUQI
FEPCI,BSLNOGXPMV
FEPCI,BSLNGARTVN
FEPCI,BSLNUYRPHY
FEPCI,BSLNJRPUVB
FEPCI,BSLNAJVTZT
FEPCI,BSLNLAJUQY
FEPCI,BSLNOWRBRT
FFSC,BSLNQKEAJQ
FFSC,BSLNCYHACX
FFSC,BSLNEBNKJR
FFSC,BSLNRVHKYE
FFSC,BSLNACSWLD
FFSC,BSLNCAKHRU
FFSC,BSLNFKLBWC
FFSC,BSLNGVEDEQ
FFSC,BSLNIYPIGH
FFSC,BSLNVDQWFM
FIFS,BSLNPJMNYE
FIFS,BSLNYIWGZQ
FIFS,BSLNBFZIGX
FIFS,BSLNQOYVNS
FIFS,BSLNLAZUGJ
FIFS,BSLNLCXCQN
FIFS,BSLNJHQBIS
FIFS,BSLNBGAALD
FIFS,BSLNFGZANZ
FIFS,BSLNERKGPL
FLVT,BSLNJPIHSE
FLVT,BSLNXHYFYY
FLVT,BSLNYHJQWG
FLVT,BSLNMJCETC
FLVT,BSLNZNAKGM
FLVT,BSLNXBACZA
FLVT,BSLNNXWUCG
FLVT,BSLNSAIWQZ
FLVT,BSLNIOZIXN
FLVT,BSLNWCAUZD
FNB,BSLNWHHFHQ
FNB,BSLNCLIYSW
FNB,BSLNMLMIAX
FNB,BSLNCUUSOS
FNB,BSLNPBWIWC
FNB,BSLNOSRETR
FNB,BSLNFSTUYZ
FNB,BSLNKPGOMR
FNB,BSLNCKWINJ
FNB,BSLNVJEUWH
FPCBR,BSLNITRYEF
FPCBR,BSLNLKNJCO
FPCBR,BSLNGQHDDJ
FPCBR,BSLNUROGVK
FPCBR,BSLNDDXTMK
FPCBR,BSLNCYQBUQ
FPCBR,BSLNJDZHRX
FPCBR,BSLNSQKXAJ
FPCBR,BSLNLHJBXL
FPCBR,BSLNQBTTSI
FRAVO,BSLNNUBHEW
FRAVO,BSLNDZVUDS
FRAVO,BSLNRQGUDJ
FRAVO,BSLNDYGRRY
FRAVO,BSLNUOCYAV
FRAVO,BSLNKFAYSS
FRAVO,BSLNSKDGGJ
FRAVO,BSLNHQQUSS
FRAVO,BSLNXBLLNJ
FRAVO,BSLNGETWBC
FSAF,BSLNSELBIF
FSAF,BSLNRBCURC
FSAF,BSLNAKLNZI
FSAF,BSLNQNYLIS
FSAF,BSLNJHCEKJ
FSAF,BSLNHRYLWB
FSAF,BSLNFSGHMT
FSAF,BSLNZBYWSQ
FSAF,BSLNDOZDXW
FSAF,BSLNQGHYSM
FSI,BSLNCGZFME
FSI,BSLNODLNNN
FSI,BSLNAXSBHV
FSI,BSLNTYHRZZ
FSI,BSLNIJZUBS
FSI,BSLNZMRTCQ
FSI,BSLNEWIJBI
FSI,BSLNCFEPFH
FSI,BSLNOPYHNK
FSI,BSLNZTZMUN
FSSH,BSLNZRDJOO
FSSH,BSLNRQRGHH
FSSH,BSLNPVLAHO
FSSH,BSLNUYQYOA
FSSH,BSLNZOZJBU
FSSH,BSLNGQQMCM
FSSH,BSLNYGQTJV
FSSH,BSLNDCQNYE
FSSH,BSLNHSMCKZ
FSSH,BSLNBKVSWE
FTRDB,BSLNHYGZRU
FTRDB,BSLNHHSNQI
FTRDB,BSLNDSRNIC
FTRDB,BSLNPCNMUD
FTRDB,BSLNRBENMD
FTRDB,BSLNHYIHXU
FTRDB,BSLNSIMYMO
FTRDB,BSLNJIVKVC
FTRDB,BSLNJWRBVB
FTRDB,BSLNLZQKUD
FWBD,BSLNJMDTWI
FWBD,BSLNDYNKGF
FWBD,BSLNOEGACZ
FWBD,BSLNDPMDZK
FWBD,BSLNGDHIPO
FWBD,BSLNCSOYGA
FWBD,BSLNIXWYRM
FWBD,BSLNRPWVLJ
FWBD,BSLNUFZVAL
FWBD,BSLNRLEGKR
GAA,BSLNWOALPX
GAA,BSLNDUQLIB
GAA,BSLNNRHWMI
GAA,BSLNWHQHTG
GAA,BSLNQMNMXD
GAA,BSLNLBAKCL
GAA,BSLNEQIPFR
GAA,BSLNPBRSCA
GAA,BSLNHBANRM
GAA,BSLNPLZHJE
GAIR,BSLNFGCRVB
GAIR,BSLNTFNXXK
GAIR,BSLNYKCKTO
GAIR,BSLNPIFJTF
GAIR,BSLNZDPMGR
GAIR,BSLNPOGTPT
GAIR,BSLNPGGYFA
GAIR,BSLNGBHXFS
GAIR,BSLNXQBHVI
GAIR,BSLNTIMSLI
GBS,BSLNQDQVXT
GBS,BSLNFNQKXG
GBS,BSLNQKCMUZ
GBS,BSLNOKESSN
GBS,BSLNQRLLHF
GBS,BSLNLQLXVH
GBS,BSLNFIPOQW
GBS,BSLNDIDZSQ
GBS,BSLNXGBURE
GBS,BSLNCWMUHK
GCDQP,BSLNFXKVKL
GCDQP,BSLNAJVYZD
GCDQP,BSLNDUDXPD
GCDQP,BSLNUXTMUK
GCDQP,BSLNTCUMHP
GCDQP,BSLNOHDRMJ
GCDQP,BSLNGJIMQW
GCDQP,BSLNTHZVDW
GCDQP,BSLNSQTBOW
GCDQP,BSLNOHHYGX
GDABL,BSLNAFXNNP
GDABL,BSLNNEKNWM
GDABL,BSLNUKQHGO
GDABL,BSLNNJISMH
GDABL,BSLNQAFGER
GDABL,BSLNXHLIJI
GDABL,BSLNLWRUIF
GDABL,BSLNDJHLXA
GDABL,BSLNVIQACS
GDABL,BSLNBVJPEE
GET,BSLNQEQMPY
GET,BSLNXDLGZH
GET,BSLNXALNLH
GET,BSLNPEYEGE
GET,BSLNKTFMAD
GET,BSLNMJMPKS
GET,BSLNJTPJKW
GET,BSLNLUDNXB
GET,BSLNUDNWZN
GET,BSLNNQBSRM
GGRI,BSLNCDIYCR
GGRI,BSLNQBTFNY
GGRI,BSLNSNSIAJ
GGRI,BSLNEHYRUW
GGRI,BSLNAIEBUG
GGRI,BSLNTTKATS
GGRI,BSLNLNYGJP
GGRI,BSLNSPUXAB
GGRI,BSLNQRZJDM
GGRI,BSLNIUDRNW
GLA,BSLNOBDPBY
GLA,BSLNJGDRIH
GLA,BSLNMKNZUP
GLA,BSLNRCGFOV
GLA,BSLNSVRSLS
GLA,BSLNRMKYVD
GLA,BSLNAQKHNG
GLA,BSLNOWZRUX
GLA,BSLNGMDLUB
GLA,BSLNWXLCJN
GMOM,BSLNWYAWGS
GMOM,BSLNEDXRMR
GMOM,BSLNOMPCPO
GMOM,BSLNSZLVHP
GMOM,BSLNNDUUFV
GMOM,BSLNFTAMJV
GMOM,BSLNOZQBIA
GMOM,BSLNMSTASF
GMOM,BSLNFVLYFG
GMOM,BSLNEJSAQZ
GPEM,BSLNZTRCMW
GPEM,BSLNYTAPRI
GPEM,BSLNEFUQJQ
GPEM,BSLNJEBSHC
GPEM,BSLNWWMDJM
GPEM,BSLNZFJXQG
GPEM,BSLNLTSHPV
GPEM,BSLNRHAVHI
GPEM,BSLNLCFIIC
GPEM,BSLNLTMKUU
GRSBD,BSLNZYDPNB
GRSBD,BSLNTRCVZX
GRSBD,BSLNFMHPAB
GRSBD,BSLNPLKIWP
GRSBD,BSLNRHWUGY
GRSBD,BSLNBGKSQZ
GRSBD,BSLNGUPYBW
GRSBD,BSLNFKHZNW
GRSBD,BSLNWZDFJG
GRSBD,BSLNMKIOUM
GTB,BSLNMKYPKO
GTB,BSLNZDKMEQ
GTB,BSLNPARKKC
GTB,BSLNPNSLRF
GTB,BSLNDHODBJ
GTB,BSLNNZCQHL
GTB,BSLNXHQNQZ
GTB,BSLNLKKSGN
GTB,BSLNBMIWRV
GTB,BSLNPVIGIF
GWB,BSLNTQGAIZ
GWB,BSLNOCOHLC
GWB,BSLNATPLGI
GWB,BSLNCQZVGZ
GWB,BSLNTKAQIB
GWB,BSLNHKBHFB
GWB,BSLNGTQCOX
GWB,BSLNPPETHQ
GWB,BSLNZCYRIP
GWB,BSLNOTBGJW
HACA,BSLNFUWTSN
HACA,BSLNUUEYWU
HACA,BSLNVCSMYN
HACA,BSLNPLDGWA
HACA,BSLNDJGFKU
HACA,BSLNBVBESD
HACA,BSLNGGVVVL
HACA,BSLNVYELUY
HACA,BSLNZSKYCR
HACA,BSLNGZJGLN
HBARF,BSLNJVPRAW
HBARF,BSLNVZIWTH
HBARF,BSLNAGEDNA
HBARF,BSLNOBCDOT
HBARF,BSLNGZNPKX
HBARF,BSLNSXAFCD
HBARF,BSLNCSWWUM
HBARF,BSLNCKWLTL
HBARF,BSLNLZNLRR
HBARF,BSLNLJQAPT
HCENC,BSLNDEXJMR
HCENC,BSLNOZMOJA
HCENC,BSLNXABBUX
HCENC,BSLNGIRCBW
HCENC,BSLNXCBRFY
HCENC,BSLNOKYZJZ
HCENC,BSLNLCFFGD
HCENC,BSLNPGAEXA
HCENC,BSLNWYOTQU
HCENC,BSLNMDSJTJ
HCVWD,BSLNKUBESY
HCVWD,BSLNJFLMXF
HCVWD,BSLNHMILOJ
HCVWD,BSLNAYUAQE
HCVWD,BSLNIHMJNZ
HCVWD,BSLNTTSRUC
HCVWD,BSLNVFWWWR
HCVWD,BSLNIOBLXL
HCVWD,BSLNKRGJUY
HCVWD,BSLNFZGGCX
HDT,BSLNSMTTBI
HDT,BSLNOSKWCK
HDT,BSLNLYGFVP
HDT,BSLNMZRCEM
HDT,BSLNRJSCYJ
HDT,BSLNJLVOTY
HDT,BSLNQTUZBN
HDT,BSLNZRPKDS
HDT,BSLNMUGLRC
HDT,BSLNBEIYWD
HETA,BSLNLHYZEL
HETA,BSLNYYFTPG
HETA,BSLNGJQZKU
HETA,BSLNKANKPM
HETA,BSLNUSQBJN
HETA,BSLNSOZVKP
HETA,BSLNVLWXRD
HETA,BSLNSSHFRV
HETA,BSLNBYAYPB
HETA,BSLNTRVLRD
HFTDA,BSLNDUHEVZ
HFTDA,BSLNWDPDAD
HFTDA,BSLNTAHQAK
HFTDA,BSLNBVFMPX
HFTDA,BSLNGKSQRU
HFTDA,BSLNXLVGMB
HFTDA,BSLNRDYZPM
HFTDA,BSLNYJHYYW
HFTDA,BSLNHAFGQL
HFTDA,BSLNTSUUCF
HIC,BSLNFBOYHT
HIC,BSLNANFNUY
HIC,BSLNZUXDZG
HIC,BSLNXIMKED
HIC,BSLNJYYOOM
HIC,BSLNIBOHYZ
HIC,BSLNSXOWEF
HIC,BSLNNNUSDY
HIC,BSLNKJGQHS
HIC,BSLNCIULQD
HJRT,BSLNNEXIHA
HJRT,BSLNLBVVAK
HJRT,BSLNIMPKAE
HJRT,BSLNAYYQHB
HJRT,BSLNSTIKQF
HJRT,BSLNQSLMNA
HJRT,BSLNLAZEKJ
HJRT,BSLNSCBAPG
HJRT,BSLNGVRBBE
HJRT,BSLNWSQJTC
HMCS,BSLNRRRKUE
HMCS,BSLNOKGVSS
HMCS,BSLNGRVTTX
HMCS,BSLNNQUNLO
HMCS,BSLNKIUZSL
HMCS,BSLNZXNVBO
HMCS,BSLNXUVIYS
HMCS,BSLNUOCVSS
HMCS,BSLNKDSXJY
HMCS,BSLNUEMEON
HODTR,BSLNHRACNX
HODTR,BSLNBFZETE
HODTR,BSLNLXDYAL
HODTR,BSLNCUIROP
HODTR,BSLNOXARNS
HODTR,BSLNPRUIUR
HODTR,BSLNCJYZNK
HODTR,BSLNBIGJOC
HODTR,BSLNFWXEKC
HODTR,BSLNOOKUCQ
HPMR,BSLNGTYVBE
HPMR,BSLNRJYBAH
HPMR,BSLNMYZSUJ
HPMR,BSLNXWPTHT
HPMR,BSLNADYERQ
HPMR,BSLNYNSSHY
HPMR,BSLNOQLTRU
HPMR,BSLNNIDYLL
HPMR,BSLNUTGULY
HPMR,BSLNGKDNJX
HRCF,BSLNDLIVEQ
HRCF,BSLNKLIGZY
HRCF,BSLNKTXWDN
HRCF,BSLNCOQRSA
HRCF,BSLNPKOLGU
HRCF,BSLNVXQCLZ
HRCF,BSLNGTLIMA
HRCF,BSLNBWOIGN
HRCF,BSLNOOMVQE
HRCF,BSLNKXYZYA
HSBP,BSLNPEXFBI
HSBP,BSLNEKLHWQ
HSBP,BSLNFJRKAO
HSBP,BSLNPYYKJU
HSBP,BSLNSQQDEF
HSBP,BSLNDMZIRI
HSBP,BSLNCVADET
HSBP,BSLNMNYGBV
HSBP,BSLNFISUQE
HSBP,BSLNOPUVRT
HSSS,BSLNBHSAIW
HSSS,BSLNXLGZVU
HSSS,BSLNNOEDII
HSSS,BSLNQVDPGI
HSSS,BSLNYSSQVO
HSSS,BSLNWMAQCU
HSSS,BSLNQWKNJJ
HSSS,BSLNNIRVPU
HSSS,BSLNUVZNTE
HSSS,BSLNBCJHTS
HTNH,BSLNMDKPQP
HTNH,BSLNRMIXOL
HTNH,BSLNYDPNEG
HTNH,BSLNBLFNJH
HTNH,BSLNFXMCPV
HTNH,BSLNUZCRDB
HTNH,BSLNRPASYX
HTNH,BSLNMIQCBH
HTNH,BSLNPVOLEM
HTNH,BSLNZKOBCR
IABP,BSLNALNZBM
IABP,BSLNVFDBFQ
IABP,BSLNYSOMDP
IABP,BSLNJZGJHB
IABP,BSLNWYKTOL
IABP,BSLNHOHNMC
IABP,BSLNFKXSAP
IABP,BSLNBYUWIC
IABP,BSLNHTGHVS
IABP,BSLNMLJGXV
IARSO,BSLNJMZXWK
IARSO,BSLNMQZEWV
IARSO,BSLNVAXNNC
IARSO,BSLNQYSMIH
IARSO,BSLNXREIBQ
IARSO,BSLNJYLMKG
IARSO,BSLNLXXLDM
IARSO,BSLNDNESSL
IARSO,BSLNHMTRGA
IARSO,BSLNIDSHMQ
IBBK,BSLNWNRBZK
IBBK,BSLNVWGLQD
IBBK,BSLNCUJBES
IBBK,BSLNEWDMSI
IBBK,BSLNFFRVDQ
IBBK,BSLNZNIKVD
IBBK,BSLNICNYTQ
IBBK,BSLNULAWNP
IBBK,BSLNKELDVW
IBBK,BSLNURNPJZ
IBTC,BSLNFSSHEG
IBTC,BSLNCVFUGE
IBTC,BSLNWWIOCW
IBTC,BSLNIPUGIG
IBTC,BSLNJPEVWN
IBTC,BSLNESARXI
IBTC,BSLNTCACZI
IBTC,BSLNECWKKY
IBTC,BSLNYJXXXL
IBTC,BSLNVDRBFY
ICC,BSLNOYBJCZ
ICC,BSLNLAQAPC
ICC,BSLNXTZLSP
ICC,BSLNMFQUXW
ICC,BSLNMVHOMR
ICC,BSLNSFIJMD
ICC,BSLNOQNRXL
ICC,BSLNEUBLPL
ICC,BSLNFDQBVY
ICC,BSLNPPVWBN
ICIPB,BSLNGZGSPY
ICIPB,BSLNAXXBGC
ICIPB,BSLNIQNXAE
ICIPB,BSLNPQLJMN
ICIPB,BSLNIRDMXL
ICIPB,BSLNZIDUGG
ICIPB,BSLNGVTOVK
ICIPB,BSLNNAKGEA
ICIPB,BSLNXWNSKY
ICIPB,BSLNBSJILZ
IDAGN,BSLNYEVRQJ
IDAGN,BSLNXCXRAE
IDAGN,BSLNDGSHSM
IDAGN,BSLNNKJCUD
IDAGN,BSLNJMRZPB
IDAGN,BSLNNFGIAK
IDAGN,BSLNOUAWQF
IDAGN,BSLNMVXZDQ
IDAGN,BSLNMSGSUK
IDAGN,BSLNTWGPQI
IDPPC,BSLNTCVKFA
IDPPC,BSLNVPDUSE
IDPPC,BSLNULHGEV
IDPPC,BSLNEKHAIX
IDPPC,BSLNJNNEHU
IDPPC,BSLNZTCRZF
IDPPC,BSLNRVMZDV
IDPPC,BSLNJZLACP
IDPPC,BSLNDOYOXG
IDPPC,BSLNKHEBHX
IESP,BSLNUMMFFG
IESP,BSLNRLPAXV
IESP,BSLNJAHWSR
IESP,BSLNDTXDBT
IESP,BSLNHYUITQ
IESP,BSLNIQCXHP
IESP,BSLNBLPEPW
IESP,BSLNOGUKRI
IESP,BSLNLADXBD
IESP,BSLNLVACGU
IFRC,BSLNNWMZXZ
IFRC,BSLNUKLFNA
IFRC,BSLNGLDQDP
IFRC,BSLNZGSXOZ
IFRC,BSLNCQRZWX
IFRC,BSLNIETTQA
IFRC,BSLNJEUICV
IFRC,BSLNHHECEK
IFRC,BSLNUDWWXU
IFRC,BSLNTXOZVZ
IGS,BSLNNBWTCB
IGS,BSLNZUSFPC
IGS,BSLNLXZSHZ
IGS,BSLNVNBIFV
IGS,BSLNFQOHPK
IGS,BSLNORDFSM
IGS,BSLNKFBFBC
IGS,BSLNVXEWYD
IGS,BSLNPSDSAY
IGS,BSLNBQLREP
IIW,BSLNGRNJHH
IIW,BSLNBNRRIU
IIW,BSLNHAGHNK
IIW,BSLNUZRUKU
IIW,BSLNTYELVY
IIW,BSLNTKNTHK
IIW,BSLNFJKWRZ
IIW,BSLNVAUCPE
IIW,BSLNGXDIAW
IIW,BSLNOHAISA
ILL,BSLNDFLSIG
ILL,BSLNYBGDAZ
ILL,BSLNBDMPJT
ILL,BSLNGWUUWA
ILL,BSLNJFSNUI
ILL,BSLNHGCGXH
ILL,BSLNOJRIDN
ILL,BSLNYBIZTZ
ILL,BSLNNHPNLM
ILL,BSLNUAAGLZ
IMCGG,BSLNHAKDMI
IMCGG,BSLNTLIYDQ
IMCGG,BSLNBURSHO
IMCGG,BSLNHBXLJK
IMCGG,BSLNBXSPYT
IMCGG,BSLNMHURYL
IMCGG,BSLNOPOOAK
IMCGG,BSLNMRVGLN
IMCGG,BSLNVSDXAZ
IMCGG,BSLNHJJMFJ
IMR,BSLNFVNGJX
IMR,BSLNSFJFOC
IMR,BSLNCOSJQD
IMR,BSLNVCYLDG
IMR,BSLNQTHHZU
IMR,BSLNFNNSVC
IMR,BSLNIIGHEK
IMR,BSLNXHAUVP
IMR,BSLNJKUDDW
IMR,BSLNGDEDDG
IOAC,BSLNNIKBJU
IOAC,BSLNDDGBLV
IOAC,BSLNLMNMQR
IOAC,BSLNJBRFYU
IOAC,BSLNMEFZBL
IOAC,BSLNYUSPME
IOAC,BSLNTFXPQO
IOAC,BSLNYADKGG
IOAC,BSLNPBQDGJ
IOAC,BSLNQDTHCL
IPC,BSLNILTRKZ
IPC,BSLNGJGXPM
IPC,BSLNFCVCKQ
IPC,BSLNATFBRH
IPC,BSLNZPMZEM
IPC,BSLNWXWRSH
IPC,BSLNMRWAGX
IPC,BSLNBTMYFK
IPC,BSLNBEJCOL
IPC,BSLNAEBESN
IPWFA,BSLNAMNBYF
IPWFA,BSLNKGCRIM
IPWFA,BSLNGUUFPQ
IPWFA,BSLNQIDLJJ
IPWFA,BSLNVHSGIW
IPWFA,BSLNZTSUOR
IPWFA,BSLNJXBGUH
IPWFA,BSLNWQVWGC
IPWFA,BSLNGHLJQZ
IPWFA,BSLNSHVKTW
IRD,BSLNQUFYJZ
IRD,BSLNNHNPMU
IRD,BSLNFYUTNE
IRD,BSLNGUUSBL
IRD,BSLNREPQRZ
IRD,BSLNGYQWZM
IRD,BSLNJYPDDG
IRD,BSLNREMUYT
IRD,BSLNVOTNKM
IRD,BSLNWQXWLW
IRUGI,BSLNPKQFDP
IRUGI,BSLNCVPWKD
IRUGI,BSLNQGNVGH
IRUGI,BSLNXDSSNU
IRUGI,BSLNDCBMHD
IRUGI,BSLNITBMXK
IRUGI,BSLNCJPCVJ
IRUGI,BSLNWIBFQT
IRUGI,BSLNDUPGZP
IRUGI,BSLNYURODQ
ISLCC,BSLNLUWRSO
ISLCC,BSLNGKYCJR
ISLCC,BSLNQKZCST
ISLCC,BSLNHMHKFI
ISLCC,BSLNPDNKDZ
ISLCC,BSLNTXQLYP
ISLCC,BSLNYIEDJI
ISLCC,BSLNJQYENB
ISLCC,BSLNKKWAHH
ISLCC,BSLNNYWTLU
ISRPR,BSLNGYWIJY
ISRPR,BSLNNAERAM
ISRPR,BSLNPCUDVR
ISRPR,BSLNSACLWA
ISRPR,BSLNYPDGRJ
ISRPR,BSLNETXEOR
ISRPR,BSLNPZWEZX
ISRPR,BSLNWHRTCQ
ISRPR,BSLNSXRBBK
ISRPR,BSLNNHJTEU
ITSOR,BSLNQQQDNO
ITSOR,BSLNJLKOAM
ITSOR,BSLNBDPXCU
ITSOR,BSLNKMUOGW
ITSOR,BSLNAMYOKV
ITSOR,BSLNEOBXPL
ITSOR,BSLNXBUIJJ
ITSOR,BSLNMQKXWF
ITSOR,BSLNUNRNFG
ITSOR,BSLNUNLNBQ
IWCF,BSLNCTMUPR
IWCF,BSLNGXFROR
IWCF,BSLNMOUABP
IWCF,BSLNCIYBLY
IWCF,BSLNUGJZQJ
IWCF,BSLNTXWAFB
IWCF,BSLNLBZUAS
IWCF,BSLNMESANY
IWCF,BSLNZOSLHF
IWCF,BSLNUCLNBO
JAVT,BSLNRYTNFS
JAVT,BSLNYMKHBK
JAVT,BSLNMUHOCB
JAVT,BSLNCWACZG
JAVT,BSLNUXZPGS
JAVT,BSLNLOGYJX
JAVT,BSLNHZCDLL
JAVT,BSLNKRAJCT
JAVT,BSLNKAZCCU
JAVT,BSLNOOFAKA
JECP,BSLNFODLLR
JECP,BSLNUEDAOR
JECP,BSLNZQFOUN
JECP,BSLNNVDLZO
JECP,BSLNABUWKE
JECP,BSLNAYNCZR
JECP,BSLNFNYKCX
JECP,BSLNZOYBOZ
JECP,BSLNQWLPLW
JECP,BSLNKSNNAX
JHEWI,BSLNOLZUTL
JHEWI,BSLNDAEDQE
JHEWI,BSLNCFNYUD
JHEWI,BSLNTIZVSK
JHEWI,BSLNEXWOML
JHEWI,BSLNRRMURC
JHEWI,BSLNKJQRZQ
JHEWI,BSLNHRXRAD
JHEWI,BSLNZPONZW
JHEWI,BSLNAWINVG
JPEA,BSLNNASDTO
JPEA,BSLNTQVKAT
JPEA,BSLNAWHVVJ
JPEA,BSLNZKGMJU
JPEA,BSLNRNTBGY
JPEA,BSLNNRFQME
JPEA,BSLNAZCBNK
JPEA,BSLNMIZDFR
JPEA,BSLNNMJGJJ
JPEA,BSLNYVVHJF
JSDTC,BSLNRZUTQR
JSDTC,BSLNDIRIBB
JSDTC,BSLNPYIEHR
JSDTC,BSLNUMHWGG
JSDTC,BSLNHEVYFP
JSDTC,BSLNBFJCJG
JSDTC,BSLNOQVFXM
JSDTC,BSLNLMVEGX
JSDTC,BSLNHJBGRT
JSDTC,BSLNAGVESG
JWOSB,BSLNKTRNMA
JWOSB,BSLNNIZMNT
JWOSB,BSLNYYHITB
JWOSB,BSLNWXMFWG
JWOSB,BSLNLUBQCI
JWOSB,BSLNOKQCES
JWOSB,BSLNDKIXVW
JWOSB,BSLNBGXXJB
JWOSB,BSLNGGTSPQ
JWOSB,BSLNCUFPVT
KDC,BSLNMFHVVB
KDC,BSLNYNQJCH
KDC,BSLNLEFJAU
KDC,BSLNWHEFSR
KDC,BSLNMAZHBV
KDC,BSLNQNEOGV
KDC,BSLNMEQHPJ
KDC,BSLNFAFGHO
KDC,BSLNKRFXCD
KDC,BSLNPAYQTN
KIFLP,BSLNRLGVFN
KIFLP,BSLNPGRZRN
KIFLP,BSLNZIJKCM
KIFLP,BSLNOBUUTH
KIFLP,BSLNEVWRKQ
KIFLP,BSLNZEYFWM
KIFLP,BSLNBDGAAZ
KIFLP,BSLNDNTBMX
KIFLP,BSLNPFRUHX
KIFLP,BSLNXWMUKM
KOAU,BSLNPBNNUC
KOAU,BSLNBNNQCO
KOAU,BSLNPIFAMA
KOAU,BSLNJYBPAC
KOAU,BSLNCXKQBW
KOAU,BSLNUQQDOB
KOAU,BSLNSCBXEY
KOAU,BSLNFSHPVA
KOAU,BSLNIVNTXQ
KOAU,BSLNLHHCPH
KSLRC,BSLNJIMJPD
KSLRC,BSLNCROXSK
KSLRC,BSLNXZCNDN
KSLRC,BSLNTNLQAE
KSLRC,BSLNZAVOLC
KSLRC,BSLNVPNZJT
KSLRC,BSLNASFOYV
KSLRC,BSLNTVDVDV
KSLRC,BSLNEIZLMT
KSLRC,BSLNJHEEUP
KWF,BSLNMZRJVX
KWF,BSLNWTZZQO
KWF,BSLNKCHLXR
KWF,BSLNTZVCYJ
KWF,BSLNYBMURX
KWF,BSLNJUQDCE
KWF,BSLNHJAAOW
KWF,BSLNKEQGBE
KWF,BSLNZKJKVI
KWF,BSLNOUZVFF
LBACM,BSLNKCJRMO
LBACM,BSLNHDLJYB
LBACM,BSLNIYVAUK
LBACM,BSLNHGEIFM
LBACM,BSLNKCXWYR
LBACM,BSLNFJUFCY
LBACM,BSLNNRMIME
LBACM,BSLNGSYCMJ
LBACM,BSLNKNDENL
LBACM,BSLNFAPRWE
LCAEP,BSLNSTWHZR
LCAEP,BSLNTHMZZG
LCAEP,BSLNUXITFX
LCAEP,BSLNSMWLJI
LCAEP,BSLNUYFXDI
LCAEP,BSLNLHSQGW
LCAEP,BSLNMFFAFH
LCAEP,BSLNQNVZVU
LCAEP,BSLNYYVMOU
LCAEP,BSLNUXYLMB
LCPTT,BSLNMNBJEJ
LCPTT,BSLNGEHYOY
LCPTT,BSLNFGWOVV
LCPTT,BSLNILSYVV
LCPTT,BSLNLINFXT
LCPTT,BSLNUJCLKY
LCPTT,BSLNNBYMMY
LCPTT,BSLNUSGZAR
LCPTT,BSLNOWTKAC
LCPTT,BSLNDJOZSS
LDG,BSLNDHVCUG
LDG,BSLNKZJYHR
LDG,BSLNZIITQW
LDG,BSLNCHHMMT
LDG,BSLNEYHGHJ
LDG,BSLNYNEAXC
LDG,BSLNYVWHMU
LDG,BSLNSDRKJD
LDG,BSLNCUHVZY
LDG,BSLNCAGJNV
LERPE,BSLNWZPLXS
LERPE,BSLNKYYZCM
LERPE,BSLNZXIKAX
LERPE,BSLNWHPXUS
LERPE,BSLNXYDHSP
LERPE,BSLNXPLYVD
LERPE,BSLNZESLTD
LERPE,BSLNTRWAQZ
LERPE,BSLNCXPTNE
LERPE,BSLNUGCRZL
LFTS,BSLNULZKHR
LFTS,BSLNGFXQKA
LFTS,BSLNLGMBJL
LFTS,BSLNOPRAGZ
LFTS,BSLNCJCGBG
LFTS,BSLNEIZOTW
LFTS,BSLNOFQUND
LFTS,BSLNBUJWQV
LFTS,BSLNQSZURJ
LFTS,BSLNTYBOQZ
LHFP,BSLNOEKZIK
LHFP,BSLNUREUMD
LHFP,BSLNNXQMTE
LHFP,BSLNTPEWPQ
LHFP,BSLNIMYGRY
LHFP,BSLNNGXRKX
LHFP,BSLNFYJHEF
LHFP,BSLNYBTQFY
LHFP,BSLNFNSWZG
LHFP,BSLNDVFFRS
LJC,BSLNXVDENN
LJC,BSLNCRBRJE
LJC,BSLNZUPITA
LJC,BSLNEDMVQJ
LJC,BSLNDPPLME
LJC,BSLNJGNXRV
LJC,BSLNUBBSYW
LJC,BSLNDBIBCC
LJC,BSLNMVBQOP
LJC,BSLNXCFSYQ
LMRBG,BSLNPADBLF
LMRBG,BSLNLWRHEW
LMRBG,BSLNSZFHJD
LMRBG,BSLNQQPGSY
LMRBG,BSLNTADOVA
LMRBG,BSLNLKIRZK
LMRBG,BSLNVQJDCR
LMRBG,BSLNXLXWPZ
LMRBG,BSLNJYIAOL
LMRBG,BSLNSILZSC
LPB,BSLNOCQIVZ
LPB,BSLNXGEOJU
LPB,BSLNANRLJP
LPB,BSLNLLXGEL
LPB,BSLNNEEQMO
LPB,BSLNFIXTJT
LPB,BSLNMLZAFS
LPB,BSLNDBOBEB
LPB,BSLNWPATXG
LPB,BSLNFAASWL
LPR,BSLNAUQCVQ
LPR,BSLNREGKVG
LPR,BSLNVTDDZU
LPR,BSLNKAHXUL
LPR,BSLNWTGLWV
LPR,BSLNOLBWXO
LPR,BSLNSIMAZD
LPR,BSLNFNZMAC
LPR,BSLNTOTKHC
LPR,BSLNKPMOPU
LRRS,BSLNEIDRRL
LRRS,BSLNJPXWTA
LRRS,BSLNQRQIEO
LRRS,BSLNYKOWVE
LRRS,BSLNXAFOIH
LRRS,BSLNPSASNC
LRRS,BSLNXKOJUX
LRRS,BSLNMZWJQR
LRRS,BSLNPVFAKX
LRRS,BSLNMXAJGC
LSDMS,BSLNJMBRPT
LSDMS,BSLNYYEYQC
LSDMS,BSLNHMUVCK
LSDMS,BSLNLDBUGK
LSDMS,BSLNLUBMGQ
LSDMS,BSLNAWHYOD
LSDMS,BSLNGZABAC
LSDMS,BSLNKENPFP
LSDMS,BSLNEQQBHL
LSDMS,BSLNBXYZND
LST,BSLNRVEXWX
LST,BSLNRRBQAX
LST,BSLNDSBEHV
LST,BSLNDGJPVK
LST,BSLNLAASCJ
LST,BSLNVUERNC
LST,BSLNINSKCA
LST,BSLNEGNVAQ
LST,BSLNHJVHCO
LST,BSLNMCFQZE
LTV,BSLNTUDIRN
LTV,BSLNRHYGLS
LTV,BSLNYJFSCU
LTV,BSLNEUODPI
LTV,BSLNYTUKEU
LTV,BSLNCVCRBC
LTV,BSLNGINRKK
LTV,BSLNIDCHEX
LTV,BSLNUDMRQK
LTV,BSLNUMYOJF
MAC,BSLNKHEGAO
MAC,BSLNCBAGOL
MAC,BSLNKUMGFO
MAC,BSLNAAANAH
MAC,BSLNHECEFU
MAC,BSLNVBPDUW
MAC,BSLNCRCNOD
MAC,BSLNMCJEIH
MAC,BSLNJPOGQH
MAC,BSLNOVGVZW
MAIL,BSLNMYCNNE
MAIL,BSLNODJWGH
MAIL,BSLNSISBRT
MAIL,BSLNAYAVMO
MAIL,BSLNNJZJNR
MAIL,BSLNTWGGMN
MAIL,BSLNCRXFZD
MAIL,BSLNLCOKYY
MAIL,BSLNHMBHWQ
MAIL,BSLNEPASYX
MBFIM,BSLNXTQFQX
MBFIM,BSLNNYXUNX
MBFIM,BSLNKTBCIO
MBFIM,BSLNLGMSYK
MBFIM,BSLNUFSIIA
MBFIM,BSLNZXKBGJ
MBFIM,BSLNZFMSAX
MBFIM,BSLNBMCQTD
MBFIM,BSLNNEQFEU
MBFIM,BSLNLGKLCN
MBSD,BSLNDFOLTP
MBSD,BSLNXJUDNS
MBSD,BSLNQGFZPP
MBSD,BSLNTPBLOH
MBSD,BSLNSUIDMR
MBSD,BSLNQMAPHF
MBSD,BSLNLQODUX
MBSD,BSLNKGLAMB
MBSD,BSLNBBENJI
MBSD,BSLNULRERP
MCDIC,BSLNKERQGX
MCDIC,BSLNXVYFXA
MCDIC,BSLNPQWZJD
MCDIC,BSLNSPXHUN
MCDIC,BSLNMCBVYJ
MCDIC,BSLNSZJOTH
MCDIC,BSLNUBMBCK
MCDIC,BSLNHZWIVU
MCDIC,BSLNORGTLQ
MCDIC,BSLNDJOIFO
MCPP,BSLNJHMLKP
MCPP,BSLNTFWNDE
MCPP,BSLNDHFFSX
MCPP,BSLNVNWDJT
MCPP,BSLNAGVSOX
MCPP,BSLNWHYHZL
MCPP,BSLNKRTOQS
MCPP,BSLNSMZCEU
MCPP,BSLNUUXMJC
MCPP,BSLNNNSPVQ
MCYS,BSLNSTOXIC
MCYS,BSLNAROAEV
MCYS,BSLNEHWBVM
MCYS,BSLNCKCHLP
MCYS,BSLNJRWFLM
MCYS,BSLNUOSXIZ
MCYS,BSLNDLBGHT
MCYS,BSLNIJLDFE
MCYS,BSLNNXKKOW
MCYS,BSLNBJDRKM
MDME,BSLNCTZTWE
MDME,BSLNMFKXTM
MDME,BSLNDDUYGP
MDME,BSLNZCPLXZ
MDME,BSLNJLWDZM
MDME,BSLNZXGQWP
MDME,BSLNMPCKPH
MDME,BSLNDYLICK
MDME,BSLNPOFSDK
MDME,BSLNUQEROK
MEAI,BSLNBEOHQU
MEAI,BSLNLWRYVN
MEAI,BSLNUDKBQM
MEAI,BSLNTLJEVF
MEAI,BSLNBDSVRC
MEAI,BSLNPYRJKV
MEAI,BSLNAOFJWK
MEAI,BSLNNSHDTM
MEAI,BSLNYCTRBU
MEAI,BSLNJDPZYS
MER,BSLNLTUTIH
MER,BSLNYMTVOH
MER,BSLNXBDYEG
MER,BSLNYFMQKL
MER,BSLNUQLCBX
MER,BSLNMHSYNJ
MER,BSLNZDSLQH
MER,BSLNXAFNGU
MER,BSLNOHUUUG
MER,BSLNXBMMWR
MFFPA,BSLNYUOHNA
MFFPA,BSLNCHRNFQ
MFFPA,BSLNVUWRPP
MFFPA,BSLNRKEKVU
MFFPA,BSLNHWVYQY
MFFPA,BSLNIDXZBY
MFFPA,BSLNJOTADN
MFFPA,BSLNIYZKVM
MFFPA,BSLNMDKNNF
MFFPA,BSLNMHOVIU
MHDDP,BSLNRHBBSP
MHDDP,BSLNYVUOCZ
MHDDP,BSLNZQFXKU
MHDDP,BSLNGFGWDI
MHDDP,BSLNODSYAY
MHDDP,BSLNHIAOMN
MHDDP,BSLNYULUGC
MHDDP,BSLNAPFSYX
MHDDP,BSLNDUTUFF
MHDDP,BSLNQMBACB
MIELP,BSLNHDWVUM
MIELP,BSLNNOYPWF
MIELP,BSLNRMMCZE
MIELP,BSLNXSZOZA
MIELP,BSLNRELLXP
MIELP,BSLNUDJDDV
MIELP,BSLNZDXXJR
MIELP,BSLNMWBYQT
MIELP,BSLNEVPSPV
MIELP,BSLNLMHOPU
MJE,BSLNPTVJIA
MJE,BSLNZUYGVG
MJE,BSLNPMYOAA
MJE,BSLNBWIJQG
MJE,BSLNXLKSCO
MJE,BSLNERUDQN
MJE,BSLNHSLYBH
MJE,BSLNJNUPYQ
MJE,BSLNTDTDBC
MJE,BSLNZRMENP
MLSS,BSLNTGBMEJ
MLSS,BSLNFEHHLV
MLSS,BSLNHBWFCB
MLSS,BSLNALUWAM
MLSS,BSLNPVFFCT
MLSS,BSLNUSBPRV
MLSS,BSLNBSTRPD
MLSS,BSLNEJHZHN
MLSS,BSLNEBJIBO
MLSS,BSLNBQIDLU
MMSC,BSLNQWQRTD
MMSC,BSLNTMDAQI
MMSC,BSLNFGBABO
MMSC,BSLNIHMJZJ
MMSC,BSLNNLPEHF
MMSC,BSLNKSINUU
MMSC,BSLNBRAYPH
MMSC,BSLNDGRVEC
MMSC,BSLNCXWQBX
MMSC,BSLNZMTCBU
MOTAV,BSLNRNHLJP
MOTAV,BSLNPSYURS
MOTAV,BSLNDAYVLE
MOTAV,BSLNUPFJPK
MOTAV,BSLNFLALSE
MOTAV,BSLNEIADBB
MOTAV,BSLNCSDBID
MOTAV,BSLNNGGRYQ
MOTAV,BSLNFUFPZG
MOTAV,BSLNQLCPHY
MPFAF,BSLNAHROLD
MPFAF,BSLNIJVUNK
MPFAF,BSLNKYZYXR
MPFAF,BSLNLGYMBN
MPFAF,BSLNSPEUIF
MPFAF,BSLNMDCHDB
MPFAF,BSLNIPBJZN
MPFAF,BSLNBVZWNX
MPFAF,BSLNFOJJGC
MPFAF,BSLNIMKAGB
MQYI,BSLNYABFYB
MQYI,BSLNNKCZPC
MQYI,BSLNXHWQSN
MQYI,BSLNRFGGKR
MQYI,BSLNVQHEPW
MQYI,BSLNMVXHKF
MQYI,BSLNSEADOI
MQYI,BSLNJBFPAZ
MQYI,BSLNVDEWUY
MQYI,BSLNGMRCFP
MRLS,BSLNPUCHIV
MRLS,BSLNJIKKLF
MRLS,BSLNLEDJQE
MRLS,BSLNIVTCWZ
MRLS,BSLNLTMJXO
MRLS,BSLNPCTXTP
MRLS,BSLNKYSOZC
MRLS,BSLNDHMEKH
MRLS,BSLNOGSZES
MRLS,BSLNEBNJER
MSAH,BSLNKAKAJI
MSAH,BSLNZXBKGB
MSAH,BSLNMSWWFV
MSAH,BSLNHQFEUC
MSAH,BSLNRPQNID
MSAH,BSLNPYZFYG
MSAH,BSLNKNNKTE
MSAH,BSLNIPAJTA
MSAH,BSLNFOSOQN
MSAH,BSLNFYTXTG
MSFR,BSLNKKWMQF
MSFR,BSLNKQCDCI
MSFR,BSLNCHXVSH
MSFR,BSLNORNCOE
MSFR,BSLNJFAOXB
MSFR,BSLNCNUUZO
MSFR,BSLNYDVBYI
MSFR,BSLNSWRGGX
MSFR,BSLNBMYCRZ
MSFR,BSLNTUHWHF
MSRC,BSLNKIUKTB
MSRC,BSLNDDZEUD
MSRC,BSLNKMKSGC
MSRC,BSLNYUXNBJ
MSRC,BSLNVOFZNT
MSRC,BSLNBFOBXY
MSRC,BSLNXTDAOK
MSRC,BSLNJLKLNL
MSRC,BSLNJQTMET
MSRC,BSLNMRQPPS
MTCC,BSLNQEPFNM
MTCC,BSLNNYIIDY
MTCC,BSLNWFZHID
MTCC,BSLNFNZEVR
MTCC,BSLNYFHQPV
MTCC,BSLNLDLQXR
MTCC,BSLNQTXWSS
MTCC,BSLNATHFGQ
MTCC,BSLNMAKCML
MTCC,BSLNEFWASV
MTRM,BSLNKFGIXA
MTRM,BSLNXGBJMA
MTRM,BSLNDFKLJJ
MTRM,BSLNPZEJFE
MTRM,BSLNZMKUWU
MTRM,BSLNPSZAIT
MTRM,BSLNOJHATQ
MTRM,BSLNTKSZAM
MTRM,BSLNWCWPDX
MTRM,BSLNNTULMM
MVG,BSLNZXHBBX
MVG,BSLNGFJRDV
MVG,BSLNQOOFZW
MVG,BSLNEPABZS
MVG,BSLNVMKZBK
MVG,BSLNAVGMIM
MVG,BSLNPGAFDS
MVG,BSLNKEEZPO
MVG,BSLNKAQPCP
MVG,BSLNFPVWFV
MXS,BSLNWPZZRT
MXS,BSLNDYHEZA
MXS,BSLNGIBPQF
MXS,BSLNPKQZDS
MXS,BSLNTLXCBP
MXS,BSLNXCQDLC
MXS,BSLNKHXYWR
MXS,BSLNOIRUUW
MXS,BSLNHZWSMA
MXS,BSLNNSBFJP
NAWH,BSLNXBOWIX
NAWH,BSLNSPMDRP
NAWH,BSLNSZFUUA
NAWH,BSLNSGRBGV
NAWH,BSLNDXVDGD
NAWH,BSLNPNRSDL
NAWH,BSLNADZLWW
NAWH,BSLNQVKQIO
NAWH,BSLNKSUDOA
NAWH,BSLNKYNZLK
NCBMA,BSLNSOLGSU
NCBMA,BSLNYYOMIW
NCBMA,BSLNQLROMU
NCBMA,BSLNICSSHU
NCBMA,BSLNKXCPMG
NCBMA,BSLNCKHBHJ
NCBMA,BSLNZLPSMU
NCBMA,BSLNKKCAWR
NCBMA,BSLNZGONHC
NCBMA,BSLNPQNTBL
NDFSC,BSLNLLRBHU
NDFSC,BSLNIRZOZA
NDFSC,BSLNCRMXNV
NDFSC,BSLNZGMIIP
NDFSC,BSLNDYOMUM
NDFSC,BSLNHZWNQM
NDFSC,BSLNBTOEXF
NDFSC,BSLNQSUZMB
NDFSC,BSLNPUVICD
NDFSC,BSLNEWXWML
NFS,BSLNFUJJSN
NFS,BSLNPRZKZD
NFS,BSLNWDASRI
NFS,BSLNRVUETC
NFS,BSLNYIFSOO
NFS,BSLNGIYNUO
NFS,BSLNETGTOA
NFS,BSLNIXOJQA
NFS,BSLNFECEOR
NFS,BSLNGFDUUP
NIRP,BSLNCBMVHR
NIRP,BSLNIMQCNI
NIRP,BSLNUSQXAG
NIRP,BSLNYZJFWC
NIRP,BSLNYVGEPE
NIRP,BSLNRDRCTD
NIRP,BSLNDCLENB
NIRP,BSLNYOKRAD
NIRP,BSLNKINGAS
NIRP,BSLNYZUOGP
NMSCE,BSLNPNVHLI
NMSCE,BSLNZTZQIH
NMSCE,BSLNVLDURF
NMSCE,BSLNOFGALI
NMSCE,BSLNZKBFBL
NMSCE,BSLNNQJORP
NMSCE,BSLNZJWACG
NMSCE,BSLNWROHHC
NMSCE,BSLNHETYUC
NMSCE,BSLNTDZRGN
NPHD,BSLNJKIGIT
NPHD,BSLNVJTLLQ
NPHD,BSLNKLIKHZ
NPHD,BSLNSZPIUK
NPHD,BSLNDTFNRJ
NPHD,BSLNBUXYPY
NPHD,BSLNEZNPUS
NPHD,BSLNLRWHPD
NPHD,BSLNVYAXQU
NPHD,BSLNADYRVK
NSE,BSLNUCRTHS
NSE,BSLNZDSMJS
NSE,BSLNTXHFOK
NSE,BSLNZBLVWN
NSE,BSLNHLHHOK
NSE,BSLNZATOPU
NSE,BSLNYMGTFF
NSE,BSLNEYGFBK
NSE,BSLNEPSVDX
NSE,BSLNGZVKLS
NTCCS,BSLNJKYFNM
NTCCS,BSLNVHSIFX
NTCCS,BSLNOKXTWA
NTCCS,BSLNBBXAUO
NTCCS,BSLNPUVJKV
NTCCS,BSLNZICENO
NTCCS,BSLNULPNTT
NTCCS,BSLNIDSJKB
NTCCS,BSLNSMINYY
NTCCS,BSLNCUSUMY
OAG,BSLNJDOOKJ
OAG,BSLNESWTZN
OAG,BSLNXVHBRX
OAG,BSLNGQRKWR
OAG,BSLNEPDFBD
OAG,BSLNEXKPEP
OAG,BSLNMALLCK
OAG,BSLNIXTWNG
OAG,BSLNCCWFRM
OAG,BSLNSSKDGT
OBLR,BSLNOQNNAD
OBLR,BSLNACQPDZ
OBLR,BSLNZTKBWR
OBLR,BSLNWHTLEI
OBLR,BSLNRYYCLN
OBLR,BSLNWUDWMO
OBLR,BSLNYTGPJI
OBLR,BSLNIQIEWF
OBLR,BSLNXXTQKF
OBLR,BSLNFUUBTU
OCI,BSLNFCLDBR
OCI,BSLNCXTDHD
OCI,BSLNEINJBJ
OCI,BSLNYKOXCG
OCI,BSLNRJJFHS
OCI,BSLNVEPSBP
OCI,BSLNPHONXW
OCI,BSLNZGTJUM
OCI,BSLNDNRNLK
OCI,BSLNGZFAEG
OECIO,BSLNVQNAFI
OECIO,BSLNRLQGMB
OECIO,BSLNKVVJLN
OECIO,BSLNDCHWWE
OECIO,BSLNHSOAXF
OECIO,BSLNTQRODG
OECIO,BSLNDLXJTM
OECIO,BSLNJABNNC
OECIO,BSLNBRZDCM
OECIO,BSLNFGHITN
OFM,BSLNSBYWGZ
OFM,BSLNRURJEG
OFM,BSLNGKEDJV
OFM,BSLNAMOMJE
OFM,BSLNFABHXX
OFM,BSLNCRBVFA
OFM,BSLNAIJTHO
OFM,BSLNRHDAFX
OFM,BSLNPCAYQG
OFM,BSLNSHXAUT
OIL,BSLNBFPGML
OIL,BSLNYPCXYZ
OIL,BSLNWCCYLE
OIL,BSLNFPMAHB
OIL,BSLNBAKLJX
OIL,BSLNDEMQLV
OIL,BSLNSPABZK
OIL,BSLNWPTSTA
OIL,BSLNAGVZOX
OIL,BSLNMUNGTE
OMI,BSLNRIUOGL
OMI,BSLNRZDDWF
OMI,BSLNTQVTBB
OMI,BSLNADJLWN
OMI,BSLNASHJNI
OMI,BSLNQJPZPR
OMI,BSLNIZAZCN
OMI,BSLNONTFMW
OMI,BSLNLKRIXG
OMI,BSLNCQSKMV
ONA,BSLNCZZUUW
ONA,BSLNPFBPRL
ONA,BSLNMUPHHG
ONA,BSLNZLDZCP
ONA,BSLNPROBFF
ONA,BSLNVYLLDN
ONA,BSLNJPCAMK
ONA,BSLNDHPJNP
ONA,BSLNAZLUQE
ONA,BSLNJXDGPP
OPMN,BSLNGBCIUU
OPMN,BSLNFFDSCW
OPMN,BSLNKLUQHR
OPMN,BSLNIYXHJO
OPMN,BSLNOSDUJA
OPMN,BSLNAYWHIN
OPMN,BSLNRRCMIJ
OPMN,BSLNVYLZLT
OPMN,BSLNJRSJIX
OPMN,BSLNPEPHAP
ORI,BSLNBDSJHK
ORI,BSLNKXVOJL
ORI,BSLNZLWCBF
ORI,BSLNLRFVWB
ORI,BSLNADZUAT
ORI,BSLNVIGLFP
ORI,BSLNOAHMKO
ORI,BSLNDJHMXQ
ORI,BSLNQQMODO
ORI,BSLNDHLBMX
OSSS,BSLNVLFWOI
OSSS,BSLNSCNQNN
OSSS,BSLNORLLBO
OSSS,BSLNDLSXDO
OSSS,BSLNOKNGIG
OSSS,BSLNTHNNRZ
OSSS,BSLNFASKBP
OSSS,BSLNJYGKLE
OSSS,BSLNTNUXXR
OSSS,BSLNEMNLWE
OTS,BSLNBSKHEE
OTS,BSLNOKSMNQ
OTS,BSLNZEHEOP
OTS,BSLNMELADF
OTS,BSLNTOFAIO
OTS,BSLNZCWAIH
OTS,BSLNFDFSWM
OTS,BSLNVFYPZD
OTS,BSLNZMXVBS
OTS,BSLNXPPZCQ
PAC,BSLNXKHOPQ
PAC,BSLNIYRKCD
PAC,BSLNPUJHCQ
PAC,BSLNDASISR
PAC,BSLNZYLBEB
PAC,BSLNKNQJNI
PAC,BSLNNTXKHN
PAC,BSLNMLSNSH
PAC,BSLNMORLNJ
PAC,BSLNZMKPAK
PAK,BSLNDFWEXO
PAK,BSLNAGBXTI
PAK,BSLNHBYCIY
PAK,BSLNNWEQKE
PAK,BSLNVKTUAN
PAK,BSLNFUDLXM
PAK,BSLNWHETBW
PAK,BSLNUBYOBQ
PAK,BSLNTKLOAJ
PAK,BSLNNRTAZF
PARKW,BSLNNJAQMS
PARKW,BSLNAGFYFQ
PARKW,BSLNTAZKUO
PARKW,BSLNMRAKKQ
PARKW,BSLNVPFSYE
PARKW,BSLNQCXHER
PARKW,BSLNDSCRXM
PARKW,BSLNUZEYNZ
PARKW,BSLNLLHWAQ
PARKW,BSLNLFDGED
PBASF,BSLNSRFJDB
PBASF,BSLNGGMXNJ
PBASF,BSLNCOGUNW
PBASF,BSLNFQQIGH
PBASF,BSLNNPFDOI
PBASF,BSLNZEKEOA
PBASF,BSLNOHHBJF
PBASF,BSLNSTMTTK
PBASF,BSLNMWPYSZ
PBASF,BSLNGMVCPM
PBM,BSLNNAYJVE
PBM,BSLNHORBSE
PBM,BSLNJPOGAY
PBM,BSLNDCESQJ
PBM,BSLNZIJFGR
PBM,BSLNBYJERT
PBM,BSLNPQJJQJ
PBM,BSLNVXEBCF
PBM,BSLNWSUJNR
PBM,BSLNTUZMFS
PCAO,BSLNCBZFNU
PCAO,BSLNZFSZEU
PCAO,BSLNZOTGOY
PCAO,BSLNYDHFDV
PCAO,BSLNARLLRA
PCAO,BSLNDQGBRE
PCAO,BSLNVGLXKD
PCAO,BSLNGCQELA
PCAO,BSLNQMRGYL
PCAO,BSLNCOGLCD
PCD,BSLNVLXASZ
PCD,BSLNFJUEXS
PCD,BSLNTLJCVY
PCD,BSLNSEZEWU
PCD,BSLNMILVWK
PCD,BSLNYZHIOP
PCD,BSLNYYIYIV
PCD,BSLNWPCHBJ
PCD,BSLNEHEAIG
PCD,BSLNMJVSMF
PCMC,BSLNWTRKZJ
PCMC,BSLNDDXKGS
PCMC,BSLNIJYFPW
PCMC,BSLNUEJNUY
PCMC,BSLNACCFZP
PCMC,BSLNRIYEJU
PCMC,BSLNNPDSUF
PCMC,BSLNAVUENW
PCMC,BSLNZMRJZZ
PCMC,BSLNCFRNMY
PCSCU,BSLNQBTWKJ
PCSCU,BSLNTMWRQX
PCSCU,BSLNDGSCZF
PCSCU,BSLNIRCHQZ
PCSCU,BSLNJNXFQX
PCSCU,BSLNPSVXRR
PCSCU,BSLNNEIVXR
PCSCU,BSLNQNSMTL
PCSCU,BSLNYDOCKH
PCSCU,BSLNDGLMXX
PDCEL,BSLNIOWRUY
PDCEL,BSLNQXSNNI
PDCEL,BSLNSFAQGU
PDCEL,BSLNMEVFGV
PDCEL,BSLNLAEZDK
PDCEL,BSLNYTZRHO
PDCEL,BSLNMLZCZS
PDCEL,BSLNXVNMNK
PDCEL,BSLNSVKLMJ
PDCEL,BSLNWIHVJG
PDS,BSLNQZARID
PDS,BSLNHMEAPU
PDS,BSLNLFVAGH
PDS,BSLNDGRYXD
PDS,BSLNHKZDFQ
PDS,BSLNXATRSQ
PDS,BSLNIXMOCG
PDS,BSLNKXAZOF
PDS,BSLNWYUNYX
PDS,BSLNGPLVWM
PEES,BSLNHIDIKP
PEES,BSLNWTYJFV
PEES,BSLNBXPNCV
PEES,BSLNTHHPTD
PEES,BSLNMHDDCV
PEES,BSLNTNAHUD
PEES,BSLNTNQFPL
PEES,BSLNJNHJBM
PEES,BSLNXCJWPR
PEES,BSLNMRFRHB
PEST,BSLNMSTHRA
PEST,BSLNCSPZXQ
PEST,BSLNCOHLJP
PEST,BSLNVCZZFQ
PEST,BSLNKMIORP
PEST,BSLNXDKMLT
PEST,BSLNZBUORK
PEST,BSLNXMUMBO
PEST,BSLNRDAMVR
PEST,BSLNBALOMZ
PFCRV,BSLNKBXWON
PFCRV,BSLNUKCZKA
PFCRV,BSLNUAMXPO
PFCRV,BSLNYHHLOO
PFCRV,BSLNEOEURZ
PFCRV,BSLNJQDTEC
PFCRV,BSLNEQFXHX
PFCRV,BSLNCQLKIG
PFCRV,BSLNTVEDXV
PFCRV,BSLNPNKTDZ
PGABM,BSLNAGBJXG
PGABM,BSLNSGGCEX
PGABM,BSLNXDVTHG
PGABM,BSLNEPGOYC
PGABM,BSLNVNFMQD
PGABM,BSLNYLGDVT
PGABM,BSLNVRDDWU
PGABM,BSLNASJKLU
PGABM,BSLNGWBZDL
PGABM,BSLNJYQRMM
PGRT,BSLNGGITZO
PGRT,BSLNCVWZBN
PGRT,BSLNLLXZTQ
PGRT,BSLNBGURBU
PGRT,BSLNLUOHFG
PGRT,BSLNKPFAMB
PGRT,BSLNLRYQCK
PGRT,BSLNDHGMPJ
PGRT,BSLNMYWFUL
PGRT,BSLNNJSCQY
PHTID,BSLNDYZBDW
PHTID,BSLNGJGBZX
PHTID,BSLNYWZLOK
PHTID,BSLNZFRSKN
PHTID,BSLNOFJOOJ
PHTID,BSLNCBMUAE
PHTID,BSLNYZNBJB
PHTID,BSLNYCYZBI
PHTID,BSLNQGTJUR
PHTID,BSLNHQQMYP
PILG,BSLNWNNAHT
PILG,BSLNOOXIMW
PILG,BSLNTNTTJF
PILG,BSLNGNPEKF
PILG,BSLNPHLIVM
PILG,BSLNVCSJMG
PILG,BSLNNJYOVR
PILG,BSLNXLWSSW
PILG,BSLNTZLQDN
PILG,BSLNHRHTUT
PJBPF,BSLNTYVBTF
PJBPF,BSLNMPPWAM
PJBPF,BSLNJFSOAP
PJBPF,BSLNMDMGHU
PJBPF,BSLNMTXEJR
PJBPF,BSLNZOZQQE
PJBPF,BSLNVETHMO
PJBPF,BSLNHAWHNS
PJBPF,BSLNTILRXG
PJBPF,BSLNTTVCJN
PLFP,BSLNUVLTYK
PLFP,BSLNYLOCTT
PLFP,BSLNGPULQW
PLFP,BSLNWJLYDJ
PLFP,BSLNVKDMQU
PLFP,BSLNHWIZBW
PLFP,BSLNFZSHRF
PLFP,BSLNDBXSZG
PLFP,BSLNYCHOMV
PLFP,BSLNVRTPGR
PLSG,BSLNXQOOVL
PLSG,BSLNGWSMLD
PLSG,BSLNRAKELT
PLSG,BSLNPFVSUJ
PLSG,BSLNBJLLUS
PLSG,BSLNJEDFDP
PLSG,BSLNHTHRYS
PLSG,BSLNKCTGVQ
PLSG,BSLNUUSUVC
PLSG,BSLNVSCXJP
PMNE,BSLNZOMOVU
PMNE,BSLNYKYYGT
PMNE,BSLNQVGQFP
PMNE,BSLNTONZVM
PMNE,BSLNXXGGES
PMNE,BSLNTGDXGV
PMNE,BSLNCXLUMX
PMNE,BSLNKTHVOC
PMNE,BSLNPOETQD
PMNE,BSLNKXHYTH
PNEA,BSLNFXOLOB
PNEA,BSLNJEMXRT
PNEA,BSLNFEYBMM
PNEA,BSLNOFIMXB
PNEA,BSLNRJGAIJ
PNEA,BSLNQFIDMD
PNEA,BSLNRNJOOV
PNEA,BSLNANTKVK
PNEA,BSLNXFASGZ
PNEA,BSLNBWVZWF
POCSC,BSLNKSQYYE
POCSC,BSLNLHSTRN
POCSC,BSLNZZMUJS
POCSC,BSLNHFEPLM
POCSC,BSLNDWSYAM
POCSC,BSLNGNPKOU
POCSC,BSLNKFZEIE
POCSC,BSLNVMNOHX
POCSC,BSLNUTOKYY
POCSC,BSLNDZFHXL
PPAWP,BSLNWFPIHS
PPAWP,BSLNUIREXO
PPAWP,BSLNQLHUBK
PPAWP,BSLNXHAMYN
PPAWP,BSLNEBEQRD
PPAWP,BSLNUIQFEE
PPAWP,BSLNANHMNT
PPAWP,BSLNXDEOME
PPAWP,BSLNZSXWQA
PPAWP,BSLNCTORFG
PPE,BSLNRXKVYT
PPE,BSLNJFBTQB
PPE,BSLNOLNNGZ
PPE,BSLNGROZUG
PPE,BSLNZIZVWH
PPE,BSLNZZBBUW
PPE,BSLNDZXJOR
PPE,BSLNULKGYZ
PPE,BSLNMLPSCG
PPE,BSLNJCGQWT
PPME,BSLNHVXHVQ
PPME,BSLNRWWOOT
PPME,BSLNAIJFRV
PPME,BSLNWQCQEC
PPME,BSLNHNDIUJ
PPME,BSLNYZBQPD
PPME,BSLNBQWINI
PPME,BSLNIWBZGZ
PPME,BSLNTIWKMR
PPME,BSLNJHXDGD
PPSRL,BSLNGITYXM
PPSRL,BSLNNCTXXJ
PPSRL,BSLNKJBDTV
PPSRL,BSLNBRZOWH
PPSRL,BSLNNPQAWF
PPSRL,BSLNJLONDD
PPSRL,BSLNPOWTHC
PPSRL,BSLNNQABHU
PPSRL,BSLNFIQHEF
PPSRL,BSLNWMABFB
PQTPL,BSLNFEPYKX
PQTPL,BSLNGOXVNS
PQTPL,BSLNTOCRVS
PQTPL,BSLNTBMIUY
PQTPL,BSLNEHAGTB
PQTPL,BSLNVIYKXJ
PQTPL,BSLNRSSRPR
PQTPL,BSLNHAXCVE
PQTPL,BSLNQLSKPE
PQTPL,BSLNNESQUD
PRE,BSLNCFFKVN
PRE,BSLNMPRXHR
PRE,BSLNHJQKQX
PRE,BSLNUOCTFK
PRE,BSLNFUPZKD
PRE,BSLNIYDAWU
PRE,BSLNIGBHWB
PRE,BSLNSVDEAR
PRE,BSLNKHYTNZ
PRE,BSLNZKRAVQ
PRNC,BSLNIXWLFA
PRNC,BSLNYNTPFS
PRNC,BSLNUPODMQ
PRNC,BSLNRHNVWF
PRNC,BSLNIBUZHL
PRNC,BSLNWVPABB
PRNC,BSLNFRBPQZ
PRNC,BSLNMIDTFP
PRNC,BSLNIFCPZQ
PRNC,BSLNCQQYHI
PSAC,BSLNKMJLWB
PSAC,BSLNFOKDIE
PSAC,BSLNDWZQGA
PSAC,BSLNAGFAAL
PSAC,BSLNPESUQC
PSAC,BSLNTPZADF
PSAC,BSLNFEIJIO
PSAC,BSLNQHKBYB
PSAC,BSLNHMTBKL
PSAC,BSLNWOVILP
PSDC,BSLNUCYNBV
PSDC,BSLNBEHGRS
PSDC,BSLNLYIUXN
PSDC,BSLNXJMTBY
PSDC,BSLNOOHOLE
PSDC,BSLNBHNJJH
PSDC,BSLNEJUNOQ
PSDC,BSLNUTZNNW
PSDC,BSLNVMHPUG
PSDC,BSLNAOTCFG
PSGWA,BSLNEZJJNE
PSGWA,BSLNLRWIXI
PSGWA,BSLNYCOLDW
PSGWA,BSLNBLCOMR
PSGWA,BSLNCRVPYN
PSGWA,BSLNYGHRCH
PSGWA,BSLNHILJSH
PSGWA,BSLNYVDXAO
PSGWA,BSLNNZIDES
PSGWA,BSLNDPHFYN
PSP,BSLNUNAVXC
PSP,BSLNFISINX
PSP,BSLNTLRSTB
PSP,BSLNOFNOQB
PSP,BSLNDQSMWX
PSP,BSLNLXNZVX
PSP,BSLNWRWTVU
PSP,BSLNUVFJMA
PSP,BSLNSVRPZC
PSP,BSLNGMAZTV
PST,BSLNXHYQHZ
PST,BSLNIXAKQR
PST,BSLNYPKSIZ
PST,BSLNALKBMD
PST,BSLNXUKXWY
PST,BSLNGUGRYH
PST,BSLNYLGTNW
PST,BSLNGZZYQV
PST,BSLNKDDDPX
PST,BSLNCZSNOD
PTCLC,BSLNNRQNGQ
PTCLC,BSLNVOJLWO
PTCLC,BSLNQBELCP
PTCLC,BSLNXJIBNP
PTCLC,BSLNGSUUBW
PTCLC,BSLNDEMAJN
PTCLC,BSLNSOJWBA
PTCLC,BSLNXPRXZD
PTCLC,BSLNMZHSUJ
PTCLC,BSLNYEBQJC
PTLIB,BSLNLYPIZJ
PTLIB,BSLNCNZTDN
PTLIB,BSLNSXZTTB
PTLIB,BSLNXXRRQI
PTLIB,BSLNVDBDJO
PTLIB,BSLNHUMVUT
PTLIB,BSLNKHMGJE
PTLIB,BSLNSFPTEZ
PTLIB,BSLNUKMBBR
PTLIB,BSLNUOSJFA
PUD,BSLNMLHZOK
PUD,BSLNNLFFBJ
PUD,BSLNUYCQZO
PUD,BSLNLXEYND
PUD,BSLNBEPCFX
PUD,BSLNCOFJAX
PUD,BSLNMIELVR
PUD,BSLNYYLMSH
PUD,BSLNQTOZZC
PUD,BSLNYREAID
PVL,BSLNEWSVII
PVL,BSLNIAAMTP
PVL,BSLNUTYBFK
PVL,BSLNZDBYWX
PVL,BSLNHHKINJ
PVL,BSLNCEMDLN
PVL,BSLNLXIONQ
PVL,BSLNLKGZDT
PVL,BSLNUGSQZB
PVL,BSLNGEKJIZ
PWIT,BSLNMWTFYP
PWIT,BSLNSNUSNZ
PWIT,BSLNDEMNRW
PWIT,BSLNJXYYGW
PWIT,BSLNEQZAAV
PWIT,BSLNXMBFEL
PWIT,BSLNROGOPB
PWIT,BSLNLEEFJG
PWIT,BSLNWEGLSC
PWIT,BSLNBARDXF
PZC,BSLNLMHVAP
PZC,BSLNKSYXBZ
PZC,BSLNAVCZIJ
PZC,BSLNAGJNMY
PZC,BSLNXUHYPK
PZC,BSLNLBWCQU
PZC,BSLNJMDMYW
PZC,BSLNBMBJAR
PZC,BSLNTPOMUR
PZC,BSLNBTLVEX
QMB,BSLNFGZFVF
QMB,BSLNZEHUSG
QMB,BSLNPWGXEK
QMB,BSLNMUQZFV
QMB,BSLNUODRLQ
QMB,BSLNKIHCHX
QMB,BSLNGRVMEE
QMB,BSLNRHKUSP
QMB,BSLNRDRYKC
QMB,BSLNHGHSYU
QTTHP,BSLNLMFHTX
QTTHP,BSLNTMFTYP
QTTHP,BSLNKGFNBM
QTTHP,BSLNHEZJQG
QTTHP,BSLNVIOCFZ
QTTHP,BSLNDALYYC
QTTHP,BSLNNCABAB
QTTHP,BSLNGWDYHG
QTTHP,BSLNLKEFUW
QTTHP,BSLNBDIKBQ
RAFC,BSLNKHFAED
RAFC,BSLNNPWHQK
RAFC,BSLNQOHORJ
RAFC,BSLNDKETST
RAFC,BSLNRMGRRB
RAFC,BSLNGLYBQX
RAFC,BSLNJBTYPI
RAFC,BSLNRWJXUO
RAFC,BSLNGUPMNV
RAFC,BSLNYMBVRP
RASR,BSLNAHDCVT
RASR,BSLNDTMSQN
RASR,BSLNBZFVYE
RASR,BSLNARTJPG
RASR,BSLNGRLDJH
RASR,BSLNLJVRPV
RASR,BSLNNJEYDK
RASR,BSLNABANOS
RASR,BSLNEGGPOU
RASR,BSLNGHCATX
RBP,BSLNSCKVDO
RBP,BSLNDOHSTW
RBP,BSLNWDTQCG
RBP,BSLNYTJRNF
RBP,BSLNWHUKGQ
RBP,BSLNDYOMMZ
RBP,BSLNJFHHWO
RBP,BSLNOTQFXY
RBP,BSLNSXLCYN
RBP,BSLNXIQHWU
RCE,BSLNRTCRZF
RCE,BSLNYHVCQZ
RCE,BSLNEJIZOB
RCE,BSLNPUJGMA
RCE,BSLNMZBXCN
RCE,BSLNYNHOOT
RCE,BSLNVTXNIW
RCE,BSLNKFSUVV
RCE,BSLNOQAQDN
RCE,BSLNMZPLFX
RCN,BSLNBMQYQH
RCN,BSLNTSULJH
RCN,BSLNLYNNPC
RCN,BSLNLREELL
RCN,BSLNPUKVOQ
RCN,BSLNYGXHUV
RCN,BSLNCWFDEI
RCN,BSLNAUYAPO
RCN,BSLNOBJIYG
RCN,BSLNIEPHWD
RCWPA,BSLNREBMJY
RCWPA,BSLNRUVXOC
RCWPA,BSLNOTUNBS
RCWPA,BSLNCZFQFK
RCWPA,BSLNOFDSBG
RCWPA,BSLNYATJBC
RCWPA,BSLNIWWDVD
RCWPA,BSLNHBTDQW
RCWPA,BSLNAWBEGK
RCWPA,BSLNHDKOUX
RDG,BSLNQKSWJL
RDG,BSLNWAILIS
RDG,BSLNGBCCKZ
RDG,BSLNAVSGGI
RDG,BSLNVKRQBO
RDG,BSLNWAYFIB
RDG,BSLNCACASR
RDG,BSLNFSDIAV
RDG,BSLNQYFSJD
RDG,BSLNRRPIQP
RDRV,BSLNHKOIPE
RDRV,BSLNFURXUW
RDRV,BSLNDEBUUD
RDRV,BSLNONMSTF
RDRV,BSLNDVRAOR
RDRV,BSLNUGFSLA
RDRV,BSLNXIHAFJ
RDRV,BSLNHSMRVA
RDRV,BSLNLALDHT
RDRV,BSLNSLEKEL
REC,BSLNMOQHLT
REC,BSLNCGUXGN
REC,BSLNNMVDXR
REC,BSLNCLQKTO
REC,BSLNRBZHHI
REC,BSLNTINPJT
REC,BSLNXOXELI
REC,BSLNYKECTV
REC,BSLNRLFYQY
REC,BSLNUJVANE
RERCD,BSLNMINXDO
RERCD,BSLNLUGVRR
RERCD,BSLNOJXQTO
RERCD,BSLNTMYEWG
RERCD,BSLNHSZFGM
RERCD,BSLNAUXPNX
RERCD,BSLNGMCQPK
RERCD,BSLNZUOFZJ
RERCD,BSLNEALOKP
RERCD,BSLNARQVGK
RFL,BSLNDMQAJS
RFL,BSLNVPLDCW
RFL,BSLNLXQLTN
RFL,BSLNJAQNWO
RFL,BSLNCLKJPF
RFL,BSLNSXFLWU
RFL,BSLNOGYDUX
RFL,BSLNJRBQVW
RFL,BSLNXCDYJO
RFL,BSLNNEGEMD
RGFA,BSLNFZXFMO
RGFA,BSLNADRCHH
RGFA,BSLNFELLJY
RGFA,BSLNYEHJRM
RGFA,BSLNHJLUTT
RGFA,BSLNSSXASC
RGFA,BSLNOEKIAH
RGFA,BSLNXYCRUP
RGFA,BSLNTQFZON
RGFA,BSLNTBBTSC
RHS,BSLNFBCWFM
RHS,BSLNHLDBZR
RHS,BSLNUYNUCP
RHS,BSLNHVDVCC
RHS,BSLNHZZTNP
RHS,BSLNQDHVUI
RHS,BSLNACUGZF
RHS,BSLNWHKLIB
RHS,BSLNNRDDDN
RHS,BSLNPAXGXO
RIMHL,BSLNTLRHRV
RIMHL,BSLNCAYYHS
RIMHL,BSLNMZEUFV
RIMHL,BSLNGUUHKC
RIMHL,BSLNQMATTJ
RIMHL,BSLNEULJFC
RIMHL,BSLNGEKEEY
RIMHL,BSLNJAVFTS
RIMHL,BSLNROUNLN
RIMHL,BSLNINIIXP
RLAG,BSLNWFOYBJ
RLAG,BSLNPHXHFB
RLAG,BSLNMZXCLV
RLAG,BSLNCVPXNW
RLAG,BSLNPBUIJN
RLAG,BSLNOPWZUD
RLAG,BSLNKDVBIE
RLAG,BSLNXNIEKY
RLAG,BSLNMMXINQ
RLAG,BSLNRWYNAP
RLWBP,BSLNSRXURA
RLWBP,BSLNMWWCHL
RLWBP,BSLNCLWIXV
RLWBP,BSLNSAQHCI
RLWBP,BSLNEXAZJK
RLWBP,BSLNJDDJXZ
RLWBP,BSLNITBKIU
RLWBP,BSLNRKSPZN
RLWBP,BSLNQWTAME
RLWBP,BSLNJKGPGF
RMED,BSLNEPMMJA
RMED,BSLNGIMWUR
RMED,BSLNRHLHLD
RMED,BSLNMZHXUY
RMED,BSLNSBMZKE
RMED,BSLNBXGSKP
RMED,BSLNVLIBLJ
RMED,BSLNIIWMBB
RMED,BSLNYMTMBW
RMED,BSLNFZZWYA
RMS,BSLNJHQBAX
RMS,BSLNNKXXXY
RMS,BSLNOCLHKB
RMS,BSLNHNUOTZ
RMS,BSLNIMXAIQ
RMS,BSLNADGLNA
RMS,BSLNORPVJI
RMS,BSLNCRMYYI
RMS,BSLNPJTUOC
RMS,BSLNJVUONJ
ROHF,BSLNBGCBJV
ROHF,BSLNIXMQQF
ROHF,BSLNFEWRBY
ROHF,BSLNCNUOWD
ROHF,BSLNUIZYCH
ROHF,BSLNKJFYSG
ROHF,BSLNZJEMWT
ROHF,BSLNSQSUFH
ROHF,BSLNCIOANX
ROHF,BSLNPXZZKV
RPCSS,BSLNHNQNEU
RPCSS,BSLNIJUIOK
RPCSS,BSLNIVULZX
RPCSS,BSLNETVQDR
RPCSS,BSLNPCWYHJ
RPCSS,BSLNRDQDCU
RPCSS,BSLNIQCKUC
RPCSS,BSLNIMEMPY
RPCSS,BSLNCUIMXT
RPCSS,BSLNXRFJZU
RPP,BSLNZRVXSG
RPP,BSLNNAQEMP
RPP,BSLNUKPWIL
RPP,BSLNFLLITO
RPP,BSLNQAFCMS
RPP,BSLNORYXIJ
RPP,BSLNOBRKPZ
RPP,BSLNZLODUE
RPP,BSLNZWEAYU
RPP,BSLNYBYRXV
RRA,BSLNWSCELJ
RRA,BSLNIOSKJG
RRA,BSLNLINUEL
RRA,BSLNEQIQWX
RRA,BSLNEIOTWI
RRA,BSLNGGIFSZ
RRA,BSLNCDWRXC
RRA,BSLNJBVVDD
RRA,BSLNQMEVEU
RRA,BSLNTYXRQL
RRMW,BSLNYRXKOV
RRMW,BSLNPBMPSL
RRMW,BSLNXRYXLD
RRMW,BSLNNISLZA
RRMW,BSLNOTKVWX
RRMW,BSLNCQISAZ
RRMW,BSLNLFQJKN
RRMW,BSLNGHAVYK
RRMW,BSLNXIGYJU
RRMW,BSLNGUXYHF
RSB,BSLNFXIGGG
RSB,BSLNTUQQYI
RSB,BSLNYQYQKY
RSB,BSLNIVCNYO
RSB,BSLNMVCJKJ
RSB,BSLNHSWYIP
RSB,BSLNVDQRRU
RSB,BSLNAXHYHI
RSB,BSLNCHRJON
RSB,BSLNFFBVYJ
RSER,BSLNXLFUIB
RSER,BSLNFBBQBR
RSER,BSLNDIUCYH
RSER,BSLNCNEWUV
RSER,BSLNCCYYUV
RSER,BSLNXIFMFT
RSER,BSLNKFYZYN
RSER,BSLNVMPSUU
RSER,BSLNHLYRYB
RSER,BSLNENIJYI
RSRL,BSLNHIWQCA
RSRL,BSLNKSUDRV
RSRL,BSLNQIXZPB
RSRL,BSLNWAQUUE
RSRL,BSLNGLMCPB
RSRL,BSLNNQFWGU
RSRL,BSLNZGGJSP
RSRL,BSLNOZIICC
RSRL,BSLNAARJKX
RSRL,BSLNXEGRMQ
RTCA,BSLNUDYVAO
RTCA,BSLNSHNFKV
RTCA,BSLNZLAWGC
RTCA,BSLNCFMPAI
RTCA,BSLNXGSAYE
RTCA,BSLNMDYZJH
RTCA,BSLNXURDBK
RTCA,BSLNGLSTXI
RTCA,BSLNGKMCDG
RTCA,BSLNFFJYVN
RTPD,BSLNVVMNYP
RTPD,BSLNUKOFCZ
RTPD,BSLNUOKNPN
RTPD,BSLNJLWFHX
RTPD,BSLNSHORUX
RTPD,BSLNGZFUIL
RTPD,BSLNDZAHFK
RTPD,BSLNNZZQUF
RTPD,BSLNZRYVGK
RTPD,BSLNOSDAZP
RVWB,BSLNDGIRLD
RVWB,BSLNVRQBDJ
RVWB,BSLNUZXSFK
RVWB,BSLNIFMICA
RVWB,BSLNNRAHWU
RVWB,BSLNAGLAKX
RVWB,BSLNVDCXBK
RVWB,BSLNQTCAFL
RVWB,BSLNRIAFEG
RVWB,BSLNOZEQUT
SAB,BSLNONAMTO
SAB,BSLNULIUIN
SAB,BSLNRRHTUF
SAB,BSLNLPASVV
SAB,BSLNSZSSWY
SAB,BSLNQNLPNW
SAB,BSLNARLLCX
SAB,BSLNPJSMAZ
SAB,BSLNBDYXYM
SAB,BSLNHVXTKD
SAFAC,BSLNQIIVLI
SAFAC,BSLNUYIRCU
SAFAC,BSLNOASSCJ
SAFAC,BSLNLSGEVJ
SAFAC,BSLNLQKSTJ
SAFAC,BSLNIUTRDG
SAFAC,BSLNAFVLSK
SAFAC,BSLNZIELPL
SAFAC,BSLNZRVIOS
SAFAC,BSLNSNAVEE
SAP,BSLNRBYDZZ
SAP,BSLNSTOOLS
SAP,BSLNHZWLBZ
SAP,BSLNGVIYBQ
SAP,BSLNBDMSNU
SAP,BSLNGMYDVU
SAP,BSLNMTJDSY
SAP,BSLNUTPPHH
SAP,BSLNGDAEGJ
SAP,BSLNUUZKUF
SASS,BSLNZROULC
SASS,BSLNXKQXCZ
SASS,BSLNDZFEKL
SASS,BSLNSPMAEE
SASS,BSLNQIHBJL
SASS,BSLNRBICRR
SASS,BSLNFITISF
SASS,BSLNJAOBXL
SASS,BSLNPIYJYR
SASS,BSLNTXNJDN
SBER,BSLNHEIFVX
SBER,BSLNYBUCPZ
SBER,BSLNRBTTON
SBER,BSLNNBRAJI
SBER,BSLNBWQCDS
SBER,BSLNWQCWNZ
SBER,BSLNZEQEMU
SBER,BSLNSONZEV
SBER,BSLNZGUAKR
SBER,BSLNXTNBZY
SBPI,BSLNCUZCIE
SBPI,BSLNXPFTVP
SBPI,BSLNNLFOVU
SBPI,BSLNPAOWZV
SBPI,BSLNUSTNYD
SBPI,BSLNKBOWEY
SBPI,BSLNZWXRIO
SBPI,BSLNNRVQVB
SBPI,BSLNBMJGWC
SBPI,BSLNKQGQNB
SBTD,BSLNNRJEEX
SBTD,BSLNVGJYTN
SBTD,BSLNXIPLPE
SBTD,BSLNEUKJYW
SBTD,BSLNCPNCEE
SBTD,BSLNAKXSAL
SBTD,BSLNUTHUTN
SBTD,BSLNIANOAA
SBTD,BSLNCAMWZN
SBTD,BSLNXEKDTR
SCDC,BSLNEHVMZB
SCDC,BSLNSQDTGU
SCDC,BSLNVJHUIJ
SCDC,BSLNORHMDP
SCDC,BSLNYFHHNP
SCDC,BSLNWRELJD
SCDC,BSLNHKPWBW
SCDC,BSLNGMOLRS
SCDC,BSLNNMHDKN
SCDC,BSLNVONGRI
SCIAE,BSLNJFFBCB
SCIAE,BSLNVVCOLS
SCIAE,BSLNXRLFLJ
SCIAE,BSLNIOTVVH
SCIAE,BSLNTQRPAQ
SCIAE,BSLNAMTUBJ
SCIAE,BSLNRORDPN
SCIAE,BSLNEJLTPI
SCIAE,BSLNBZVFDQ
SCIAE,BSLNSVTHIG
SCMPS,BSLNMMOBFS
SCMPS,BSLNYKPGOP
SCMPS,BSLNKFXCNA
SCMPS,BSLNBOAJFP
SCMPS,BSLNLAXHNS
SCMPS,BSLNJNWRIU
SCMPS,BSLNDCPFGG
SCMPS,BSLNENIZLT
SCMPS,BSLNBKRSUJ
SCMPS,BSLNYQPSTG
SCSCC,BSLNWBPINU
SCSCC,BSLNOPQQRP
SCSCC,BSLNFLFLNP
SCSCC,BSLNIDQKDA
SCSCC,BSLNCNVYRG
SCSCC,BSLNFTHEIO
SCSCC,BSLNQNPJAN
SCSCC,BSLNBHBYLS
SCSCC,BSLNYWPYAL
SCSCC,BSLNBNJRWD
SDBPI,BSLNWXONNF
SDBPI,BSLNZRWTAF
SDBPI,BSLNOLZCDC
SDBPI,BSLNJFDSJT
SDBPI,BSLNJJZMMG
SDBPI,BSLNXZXHIF
SDBPI,BSLNKCRLUO
SDBPI,BSLNWMZXGG
SDBPI,BSLNPARNOT
SDBPI,BSLNCARQSD
SDOHM,BSLNCPZLSO
SDOHM,BSLNENUEYA
SDOHM,BSLNYHXWQB
SDOHM,BSLNOKWWJK
SDOHM,BSLNKQRMYC
SDOHM,BSLNUYQAOT
SDOHM,BSLNXEAXFL
SDOHM,BSLNWKAOUB
SDOHM,BSLNMGDGZN
SDOHM,BSLNJZQJZG
SDWS,BSLNXTFDDL
SDWS,BSLNCJUDOF
SDWS,BSLNZMZKDG
SDWS,BSLNEWYOKL
SDWS,BSLNMLDCVV
SDWS,BSLNSYIBXF
SDWS,BSLNVDCWVM
SDWS,BSLNBUHCIE
SDWS,BSLNEYWWCK
SDWS,BSLNLOERAZ
SEGEI,BSLNGYLUNM
SEGEI,BSLNHBWVNG
SEGEI,BSLNMMVHEJ
SEGEI,BSLNRJKXLP
SEGEI,BSLNOUJFDA
SEGEI,BSLNIQWBTP
SEGEI,BSLNTSGUYK
SEGEI,BSLNLQIEIK
SEGEI,BSLNJLWDAC
SEGEI,BSLNURNMTL
SENSS,BSLNEQRVQK
SENSS,BSLNLWZYVO
SENSS,BSLNFFYYAG
SENSS,BSLNECVREB
SENSS,BSLNJMHMRO
SENSS,BSLNIJXVNB
SENSS,BSLNFCPQTW
SENSS,BSLNNGGLGB
SENSS,BSLNLOKOLG
SENSS,BSLNHSORUS
SETEA,BSLNIMWRFC
SETEA,BSLNHLMRDA
SETEA,BSLNFMTSAB
SETEA,BSLNUESWWH
SETEA,BSLNRNEMRB
SETEA,BSLNRFNXMP
SETEA,BSLNFLLYGI
SETEA,BSLNYZXRTW
SETEA,BSLNSNNUFI
SETEA,BSLNKPPDKL
SFLUS,BSLNIOIEKI
SFLUS,BSLNXGMYAT
SFLUS,BSLNZGQSUS
SFLUS,BSLNJQWPAY
SFLUS,BSLNVYGMLB
SFLUS,BSLNSBQKJS
SFLUS,BSLNWIOAJO
SFLUS,BSLNJIISSI
SFLUS,BSLNUPOUJX
SFLUS,BSLNXFVXVN
SGAF,BSLNRIMFIG
SGAF,BSLNMKMFKB
SGAF,BSLNYGVJUS
SGAF,BSLNBQCFMQ
SGAF,BSLNDPVZEL
SGAF,BSLNEACFEI
SGAF,BSLNUIIKEY
SGAF,BSLNNGNYLY
SGAF,BSLNAJHZLE
SGAF,BSLNOBHBAL
SGO,BSLNPJGJNL
SGO,BSLNUXNRZP
SGO,BSLNQWIVHM
SGO,BSLNAXFOTY
SGO,BSLNLTKHZR
SGO,BSLNXXAHVG
SGO,BSLNWKEOWQ
SGO,BSLNEUXQPV
SGO,BSLNXKXVRV
SGO,BSLNLDTJPM
SHC,BSLNUEIFCS
SHC,BSLNIXHCUU
SHC,BSLNLGHJYW
SHC,BSLNCTGPHY
SHC,BSLNYURIHQ
SHC,BSLNPPSRUK
SHC,BSLNMZIDLI
SHC,BSLNHMSQDD
SHC,BSLNTFZJEF
SHC,BSLNOMOHFN
SHPDS,BSLNPFQBWH
SHPDS,BSLNHKUIDP
SHPDS,BSLNPFSNFS
SHPDS,BSLNFPVDKO
SHPDS,BSLNZQBGDF
SHPDS,BSLNAIZNSO
SHPDS,BSLNIVCSCN
SHPDS,BSLNNPOEWM
SHPDS,BSLNQUKRGL
SHPDS,BSLNVYODEF
SIC,BSLNEYOISI
SIC,BSLNJWRIVP
SIC,BSLNIYDXCJ
SIC,BSLNINBOFR
SIC,BSLNUGRLVY
SIC,BSLNMAOAYM
SIC,BSLNOCHEIW
SIC,BSLNJZPYLI
SIC,BSLNRHOQFS
SIC,BSLNBXONEY
SIOW,BSLNLRBATA
SIOW,BSLNEKBONB
SIOW,BSLNKLMVZJ
SIOW,BSLNFMCTQV
SIOW,BSLNJRNLAI
SIOW,BSLNHQUTDO
SIOW,BSLNMCCGGR
SIOW,BSLNETJLLN
SIOW,BSLNDJZBWY
SIOW,BSLNBWPIDV
SJB,BSLNYCSNWC
SJB,BSLNGHEMSS
SJB,BSLNCAKMQT
SJB,BSLNZSCSDA
SJB,BSLNJEOTKX
SJB,BSLNZFZLCR
SJB,BSLNOYJKAW
SJB,BSLNYYHQMI
SJB,BSLNSFRDRG
SJB,BSLNMWSAKQ
SJSPS,BSLNZGSKXG
SJSPS,BSLNECFBJG
SJSPS,BSLNRCESSZ
SJSPS,BSLNEHBZAX
SJSPS,BSLNYOKOJL
SJSPS,BSLNZEOKUM
SJSPS,BSLNSMBUJL
SJSPS,BSLNWIJPNW
SJSPS,BSLNALMJIX
SJSPS,BSLNGZMNRX
SLC,BSLNQNZYQL
SLC,BSLNPHGBCJ
SLC,BSLNGNNTIH
SLC,BSLNXCCFBI
SLC,BSLNDDXYBM
SLC,BSLNMODECE
SLC,BSLNOXPPBU
SLC,BSLNAYJKBV
SLC,BSLNUFWIDZ
SLC,BSLNWMSNZS
SLM,BSLNXAHUVJ
SLM,BSLNGMMGAZ
SLM,BSLNCOEISP
SLM,BSLNNUXWFD
SLM,BSLNVYLHRZ
SLM,BSLNCFJFDZ
SLM,BSLNAELUDX
SLM,BSLNSYQPPV
SLM,BSLNVLVTJN
SLM,BSLNCZPMZA
SMACT,BSLNSVSSVF
SMACT,BSLNGKKPGF
SMACT,BSLNGDZTBR
SMACT,BSLNCRUYCK
SMACT,BSLNSUBVUT
SMACT,BSLNJJJJSP
SMACT,BSLNFSFLAB
SMACT,BSLNXWSOFO
SMACT,BSLNMHWRXJ
SMACT,BSLNFBFSOS
SMDL,BSLNCHZOPR
SMDL,BSLNTNNXFO
SMDL,BSLNJJPPQK
SMDL,BSLNDTMIBQ
SMDL,BSLNOELIYK
SMDL,BSLNMVMBCO
SMDL,BSLNOSJCZE
SMDL,BSLNOQLYZF
SMDL,BSLNILXEEM
SMDL,BSLNFQNNSH
SMPIM,BSLNFDHEQA
SMPIM,BSLNPEYURC
SMPIM,BSLNHGTEKS
SMPIM,BSLNECROCS
SMPIM,BSLNCHUYHZ
SMPIM,BSLNZDZIIQ
SMPIM,BSLNKCPYXT
SMPIM,BSLNHSYNJT
SMPIM,BSLNUHWJOZ
SMPIM,BSLNXHHNVB
SNEET,BSLNYBDPPA
SNEET,BSLNRSYXBZ
SNEET,BSLNQFZUUY
SNEET,BSLNCTAOBT
SNEET,BSLNLMSARU
SNEET,BSLNREQURJ
SNEET,BSLNYAZLSE
SNEET,BSLNLGDJOJ
SNEET,BSLNGMKEFV
SNEET,BSLNUDXDXY
SOCB,BSLNIWEJEJ
SOCB,BSLNCBUZBI
SOCB,BSLNPQJDSS
SOCB,BSLNWTLFYU
SOCB,BSLNGRPJXM
SOCB,BSLNRKMQOO
SOCB,BSLNLTIVCP
SOCB,BSLNJNLDRS
SOCB,BSLNUHKSTD
SOCB,BSLNHLMMUT
SPC,BSLNNWZXGX
SPC,BSLNBSJEDJ
SPC,BSLNCZRISX
SPC,BSLNWSEHGN
SPC,BSLNWLNZDQ
SPC,BSLNEBACVL
SPC,BSLNHEEOSF
SPC,BSLNVSFDUS
SPC,BSLNJLIELQ
SPC,BSLNOLSUOI
SPH,BSLNIADBYR
SPH,BSLNEBIUJX
SPH,BSLNBUTYCQ
SPH,BSLNJMZLYW
SPH,BSLNVWVBGM
SPH,BSLNYQBOXL
SPH,BSLNPDKOVK
SPH,BSLNCADCAZ
SPH,BSLNLINOHV
SPH,BSLNQOVQMC
SPRE,BSLNNJZOVJ
SPRE,BSLNCZGOMQ
SPRE,BSLNNCEKWZ
SPRE,BSLNZDWLUY
SPRE,BSLNIGYPVR
SPRE,BSLNYSTLKK
SPRE,BSLNFWDAYK
SPRE,BSLNSDTTDK
SPRE,BSLNAGJGLG
SPRE,BSLNOTUHKT
SQPH,BSLNTZSEHM
SQPH,BSLNZUHLNQ
SQPH,BSLNZJSFLP
SQPH,BSLNHEPYCN
SQPH,BSLNQMUYEN
SQPH,BSLNAVNOII
SQPH,BSLNWGCYKU
SQPH,BSLNVWUKIR
SQPH,BSLNVZFGEC
SQPH,BSLNQWTXSV
SRDPP,BSLNSQZTXP
SRDPP,BSLNJHSJJR
SRDPP,BSLNPDRSIF
SRDPP,BSLNYQEWGO
SRDPP,BSLNNSGSNB
SRDPP,BSLNHNDJJG
SRDPP,BSLNBCXZWF
SRDPP,BSLNKBQTNY
SRDPP,BSLNOOFRUJ
SRDPP,BSLNSPKINQ
SRMM,BSLNUVQWUS
SRMM,BSLNFZGIGM
SRMM,BSLNMCNAJL
SRMM,BSLNLWSAKF
SRMM,BSLNOPEQUZ
SRMM,BSLNNNWJQW
SRMM,BSLNGZHEFZ
SRMM,BSLNPFZGNW
SRMM,BSLNPBPNFK
SRMM,BSLNSWSZRE
SRTTF,BSLNHHICIP
SRTTF,BSLNDOGUMZ
SRTTF,BSLNQALYYL
SRTTF,BSLNQNFXIN
SRTTF,BSLNUXKSWH
SRTTF,BSLNXFTOMS
SRTTF,BSLNKXZDQO
SRTTF,BSLNWKUZSU
SRTTF,BSLNLEWTSJ
SRTTF,BSLNEUBISR
SSAN,BSLNTLSPKK
SSAN,BSLNDQKBDC
SSAN,BSLNCFVQFJ
SSAN,BSLNXISMZN
SSAN,BSLNPTRZDF
SSAN,BSLNKKGSCQ
SSAN,BSLNODAQWD
SSAN,BSLNMJBCQJ
SSAN,BSLNXDILDY
SSAN,BSLNXXOMQE
SSDWV,BSLNWVUGNI
SSDWV,BSLNKXLMVL
SSDWV,BSLNAJPBNB
SSDWV,BSLNGSNJSH
SSDWV,BSLNEDINZP
SSDWV,BSLNYQTZHG
SSDWV,BSLNBPBPZQ
SSDWV,BSLNAMOCKT
SSDWV,BSLNMXCSJE
SSDWV,BSLNPBPBGM
SSI,BSLNUBBRPJ
SSI,BSLNLMJIXQ
SSI,BSLNTVMAMN
SSI,BSLNGHVIDR
SSI,BSLNKTSDEQ
SSI,BSLNVMPHPP
SSI,BSLNTLFYSP
SSI,BSLNYWATGP
SSI,BSLNCOUJFP
SSI,BSLNCPIKPV
SSPO,BSLNLRRKPF
SSPO,BSLNSQTEID
SSPO,BSLNWNOZEK
SSPO,BSLNPMULCG
SSPO,BSLNXQQDEO
SSPO,BSLNTXZDQQ
SSPO,BSLNKJESBE
SSPO,BSLNVAJTEK
SSPO,BSLNABRHSG
SSPO,BSLNUKOWEY
SSTCS,BSLNFEEIVY
SSTCS,BSLNIZGRBR
SSTCS,BSLNYJVGOC
SSTCS,BSLNUMZQYK
SSTCS,BSLNBDAITS
SSTCS,BSLNYPCKIK
SSTCS,BSLNXHNMKA
SSTCS,BSLNSJEYDH
SSTCS,BSLNBNHTKZ
SSTCS,BSLNMWDNKU
STC,BSLNOCCDGV
STC,BSLNOXNIIT
STC,BSLNSZSRJN
STC,BSLNDVYLUF
STC,BSLNSBPEZF
STC,BSLNQLWRNN
STC,BSLNJLYTKH
STC,BSLNGPNBIQ
STC,BSLNPCFUDA
STC,BSLNPWBZJK
STFE,BSLNUDIZSL
STFE,BSLNOFRPGA
STFE,BSLNNLFVPC
STFE,BSLNANNOZM
STFE,BSLNFHJGFF
STFE,BSLNWJKDUC
STFE,BSLNHACJBD
STFE,BSLNNPGMEL
STFE,BSLNJMKGZA
STFE,BSLNWVTCBK
STPOS,BSLNEKQPUA
STPOS,BSLNZLZAXY
STPOS,BSLNRNKBCC
STPOS,BSLNHQPAQM
STPOS,BSLNNSJAZM
STPOS,BSLNMNDQMU
STPOS,BSLNIDSQQJ
STPOS,BSLNFRWJWE
STPOS,BSLNXRAWLA
STPOS,BSLNQFBNKG
SUMC,BSLNARGZYS
SUMC,BSLNVNOGDK
SUMC,BSLNQMJBWP
SUMC,BSLNZRXFCJ
SUMC,BSLNYMWUIN
SUMC,BSLNOCTHEH
SUMC,BSLNYDPCLU
SUMC,BSLNBQQUPS
SUMC,BSLNIZKLXD
SUMC,BSLNFEYOOO
SVE,BSLNLMXLTK
SVE,BSLNGBWHZX
SVE,BSLNTJXWDN
SVE,BSLNWWDWUS
SVE,BSLNZRNTCP
SVE,BSLNOGYOEI
SVE,BSLNPHHJEJ
SVE,BSLNSUCGBG
SVE,BSLNWYINBV
SVE,BSLNMFVAMY
SWMRD,BSLNMQUZRM
SWMRD,BSLNHSDDZF
SWMRD,BSLNRPEDUS
SWMRD,BSLNLUCRPS
SWMRD,BSLNFJBEZQ
SWMRD,BSLNKOHWKN
SWMRD,BSLNMLUPBM
SWMRD,BSLNBBMJDR
SWMRD,BSLNIUFITZ
SWMRD,BSLNBAYYBP
TAD,BSLNERVHVW
TAD,BSLNQCWEYP
TAD,BSLNMRXFHB
TAD,BSLNKLUODQ
TAD,BSLNQEAGXX
TAD,BSLNHIRIJI
TAD,BSLNHAEOUY
TAD,BSLNFLBZTZ
TAD,BSLNBXKUYC
TAD,BSLNYRVGZI
TAMWR,BSLNFVCUBZ
TAMWR,BSLNLGPRMV
TAMWR,BSLNQMJVJV
TAMWR,BSLNCJYVAD
TAMWR,BSLNGLONWK
TAMWR,BSLNERYAYI
TAMWR,BSLNMKPNMM
TAMWR,BSLNTHMYAD
TAMWR,BSLNWQKYKC
TAMWR,BSLNBDOPAD
TBA,BSLNYDAKVV
TBA,BSLNNZSVMB
TBA,BSLNEKHUHE
TBA,BSLNAKGTBX
TBA,BSLNRFMMFQ
TBA,BSLNSGPGTH
TBA,BSLNAZMALM
TBA,BSLNUWWBZP
TBA,BSLNJWWULZ
TBA,BSLNMYNPSR
TBPVP,BSLNFFXEQW
TBPVP,BSLNMHVMML
TBPVP,BSLNJMULAH
TBPVP,BSLNPTAMXX
TBPVP,BSLNWSPFUS
TBPVP,BSLNPTMFCQ
TBPVP,BSLNSUJDDN
TBPVP,BSLNIZLILV
TBPVP,BSLNJDJDAR
TBPVP,BSLNNZVZTF
TCCSC,BSLNUPWTHZ
TCCSC,BSLNXTBOJF
TCCSC,BSLNMQXKRF
TCCSC,BSLNAMYWSI
TCCSC,BSLNYBMWJO
TCCSC,BSLNJWMJNB
TCCSC,BSLNDEMFCZ
TCCSC,BSLNSASAJP
TCCSC,BSLNWDTLJD
TCCSC,BSLNFTAPZO
TCOG,BSLNTJEFFV
TCOG,BSLNHFXOZC
TCOG,BSLNSOCFAY
TCOG,BSLNHBCGMS
TCOG,BSLNVMBVGD
TCOG,BSLNSQZEXN
TCOG,BSLNWZFIFQ
TCOG,BSLNDEXUPX
TCOG,BSLNDBWEFZ
TCOG,BSLNXARLEN
TCTI,BSLNPKACSS
TCTI,BSLNVUMBMG
TCTI,BSLNFJXDMS
TCTI,BSLNZLEIGW
TCTI,BSLNJCJKMG
TCTI,BSLNTREBCU
TCTI,BSLNMMTPVK
TCTI,BSLNGLFGNG
TCTI,BSLNOCSAYC
TCTI,BSLNCUKTHM
TDRCT,BSLNYIUYAP
TDRCT,BSLNEXIQVX
TDRCT,BSLNNOTXPB
TDRCT,BSLNAXQFFS
TDRCT,BSLNLMNFKR
TDRCT,BSLNLWKDOY
TDRCT,BSLNQHEBYR
TDRCT,BSLNWNTDOC
TDRCT,BSLNNNEKKF
TDRCT,BSLNIILEHX
TESDC,BSLNGLZUGA
TESDC,BSLNZMGCPW
TESDC,BSLNUCJMIR
TESDC,BSLNCZVDKI
TESDC,BSLNINOUCO
TESDC,BSLNKXQZMX
TESDC,BSLNVEFAXD
TESDC,BSLNECDCWT
TESDC,BSLNEAJTSR
TESDC,BSLNUIIPJL
TFM,BSLNFVRAKX
TFM,BSLNIQGKLE
TFM,BSLNKQPCDQ
TFM,BSLNWFYNVR
TFM,BSLNNUVFTE
TFM,BSLNCTZXHY
TFM,BSLNIPIHKO
TFM,BSLNPCJNWD
TFM,BSLNGNNIZD
TFM,BSLNEYASXF
TGPCV,BSLNIVGJEB
TGPCV,BSLNLZESGT
TGPCV,BSLNEGIQIX
TGPCV,BSLNLCLNRJ
TGPCV,BSLNNDUKAZ
TGPCV,BSLNSDKGPR
TGPCV,BSLNADXITS
TGPCV,BSLNYUTOKN
TGPCV,BSLNHTOPFK
TGPCV,BSLNLRNXXO
THSG,BSLNDMRSVC
THSG,BSLNQDZKUN
THSG,BSLNFNKBPG
THSG,BSLNUIKYZI
THSG,BSLNVGBUIZ
THSG,BSLNNHHNOF
THSG,BSLNBYADMO
THSG,BSLNYXPUXM
THSG,BSLNLALNUF
THSG,BSLNROEAAC
TIT,BSLNTOXERL
TIT,BSLNICAEJS
TIT,BSLNXKCZUQ
TIT,BSLNKDNQHC
TIT,BSLNYPSSEY
TIT,BSLNILUVKV
TIT,BSLNFDTLDZ
TIT,BSLNZKHIVF
TIT,BSLNQSNRCQ
TIT,BSLNYLPNDK
TLC,BSLNWQPZBD
TLC,BSLNJZTMTH
TLC,BSLNXQKPYD
TLC,BSLNFOPQKG
TLC,BSLNXUDJCA
TLC,BSLNQZFARA
TLC,BSLNHUAKFF
TLC,BSLNGSBUGY
TLC,BSLNAIZYBB
TLC,BSLNMPHFZS
TMG,BSLNFYFZKS
TMG,BSLNKEIFWG
TMG,BSLNREPMMH
TMG,BSLNEFARRY
TMG,BSLNUAZXOV
TMG,BSLNAYIARL
TMG,BSLNVBTYVV
TMG,BSLNKIHLNC
TMG,BSLNFDWRZJ
TMG,BSLNBHWRXC
TNRB,BSLNTPINEQ
TNRB,BSLNPCZBUE
TNRB,BSLNIZMMDN
TNRB,BSLNFWMHQN
TNRB,BSLNRDPUXN
TNRB,BSLNWWFMYM
TNRB,BSLNGUTUUN
TNRB,BSLNZQZJIM
TNRB,BSLNGXJLWM
TNRB,BSLNTQWDEG
TOOS,BSLNLJODMU
TOOS,BSLNUMNFDT
TOOS,BSLNFHVQBO
TOOS,BSLNBNEJZR
TOOS,BSLNWARQSR
TOOS,BSLNJJJSCT
TOOS,BSLNJPRWPL
TOOS,BSLNVJDLGZ
TOOS,BSLNYCBMIA
TOOS,BSLNOJCIDS
TPCRP,BSLNEKEASN
TPCRP,BSLNBZOBGX
TPCRP,BSLNKAAOKY
TPCRP,BSLNAGZHHX
TPCRP,BSLNTOSFTI
TPCRP,BSLNWXYYSJ
TPCRP,BSLNXMAXBR
TPCRP,BSLNSQVCUJ
TPCRP,BSLNZEFBLE
TPCRP,BSLNHPFALJ
TPTWN,BSLNTYNLME
TPTWN,BSLNYUFCEY
TPTWN,BSLNYBPMUL
TPTWN,BSLNQFLBRF
TPTWN,BSLNSHPWMA
TPTWN,BSLNDCGQYY
TPTWN,BSLNCAPPCW
TPTWN,BSLNEVOOGV
TPTWN,BSLNZFVHMH
TPTWN,BSLNAGCVMV
TRO,BSLNXCHTMY
TRO,BSLNZMZZOO
TRO,BSLNJQWMON
TRO,BSLNLDPJLJ
TRO,BSLNQUMNMG
TRO,BSLNFIDAZZ
TRO,BSLNHHEKGF
TRO,BSLNQUKXUN
TRO,BSLNQYORTH
TRO,BSLNLMIQZE
TSATF,BSLNSYCULS
TSATF,BSLNAFNWNO
TSATF,BSLNRRIWST
TSATF,BSLNXUQSQQ
TSATF,BSLNUPHEFV
TSATF,BSLNCZMGBY
TSATF,BSLNHTQVPR
TSATF,BSLNNGBAPT
TSATF,BSLNCEMFYW
TSATF,BSLNXPNOPE
TSIGP,BSLNWPARFJ
TSIGP,BSLNRARWXK
TSIGP,BSLNDUSVCC
TSIGP,BSLNAGECRY
TSIGP,BSLNHLTEEE
TSIGP,BSLNODGUZE
TSIGP,BSLNOCTGPL
TSIGP,BSLNDVQCEN
TSIGP,BSLNQCMBME
TSIGP,BSLNMDVDBE
TSRN,BSLNTGTRPM
TSRN,BSLNAREHKS
TSRN,BSLNGYCNPU
TSRN,BSLNEYSKJD
TSRN,BSLNYTWPPR
TSRN,BSLNCFBCIU
TSRN,BSLNNCAXZR
TSRN,BSLNEBAYFO
TSRN,BSLNVTLZPB
TSRN,BSLNUGEEUV
TTCB,BSLNYRZAOM
TTCB,BSLNXSHZIW
TTCB,BSLNIATWQK
TTCB,BSLNFRJQMU
TTCB,BSLNPBXBIE
TTCB,BSLNWOECPM
TTCB,BSLNBXESDU
TTCB,BSLNLCUNNP
TTCB,BSLNIUHOOU
TTCB,BSLNDPQIOQ
TTSS,BSLNCVLFXP
TTSS,BSLNZJVPRO
TTSS,BSLNFNPAVA
TTSS,BSLNEXMUZK
TTSS,BSLNLWCDON
TTSS,BSLNYVKHAF
TTSS,BSLNRQFZOJ
TTSS,BSLNSQXZKD
TTSS,BSLNCUTEGG
TTSS,BSLNQARAGL
TVE,BSLNYTTWUS
TVE,BSLNRIDADX
TVE,BSLNESQQNH
TVE,BSLNAAVSAD
TVE,BSLNOSTNJL
TVE,BSLNHDXGXL
TVE,BSLNOPWUZN
TVE,BSLNMOUWGG
TVE,BSLNQYVHGV
TVE,BSLNJLGMVQ
UBCHT,BSLNPZTQEP
UBCHT,BSLNHKJFIP
UBCHT,BSLNTPOWXY
UBCHT,BSLNVGVGKS
UBCHT,BSLNEDRJXF
UBCHT,BSLNOGAKNT
UBCHT,BSLNGWRBVL
UBCHT,BSLNLWPURE
UBCHT,BSLNYBZTUF
UBCHT,BSLNGGJIOU
UCM,BSLNXCXFST
UCM,BSLNEKBGVY
UCM,BSLNQYNDYQ
UCM,BSLNNAYLUE
UCM,BSLNHNFFDY
UCM,BSLNIHNFTL
UCM,BSLNMTWLEJ
UCM,BSLNEZSOHH
UCM,BSLNAZRUSR
UCM,BSLNVGGKQF
UIPP,BSLNYQJWMF
UIPP,BSLNZILBPR
UIPP,BSLNHSPVUT
UIPP,BSLNGKTHAV
UIPP,BSLNHCPUQV
UIPP,BSLNDYEAFP
UIPP,BSLNYBLFWH
UIPP,BSLNPIJBJU
UIPP,BSLNXCNEWQ
UIPP,BSLNSVDSQT
UNSCA,BSLNCVRURT
UNSCA,BSLNUJIZMZ
UNSCA,BSLNCIVHZT
UNSCA,BSLNOTIMSB
UNSCA,BSLNBBYDJC
UNSCA,BSLNFCLZVR
UNSCA,BSLNEOBRKJ
UNSCA,BSLNZQABME
UNSCA,BSLNCSLZJO
UNSCA,BSLNRXBBAX
USRJP,BSLNZDHIPD
USRJP,BSLNQASEEQ
USRJP,BSLNITLRFY
USRJP,BSLNIMBJID
USRJP,BSLNQPZFPQ
USRJP,BSLNKHZCNV
USRJP,BSLNFABKLS
USRJP,BSLNJPKJRF
USRJP,BSLNJTYVEV
USRJP,BSLNIKENZG
VAOHH,BSLNOPBTWZ
VAOHH,BSLNTAQDSE
VAOHH,BSLNPIWNKB
VAOHH,BSLNIPGFBK
VAOHH,BSLNBWZIZY
VAOHH,BSLNFXEJXT
VAOHH,BSLNEICEOB
VAOHH,BSLNQUMREB
VAOHH,BSLNKFSQMB
VAOHH,BSLNNAMMUW
VCIDS,BSLNIBWCIS
VCIDS,BSLNCMDCRC
VCIDS,BSLNFJISXQ
VCIDS,BSLNFZNWOL
VCIDS,BSLNCKZSPO
VCIDS,BSLNLBBGST
VCIDS,BSLNDGDIJD
VCIDS,BSLNJSNQQP
VCIDS,BSLNJAGBZW
VCIDS,BSLNVKOKPJ
VEC,BSLNFHSSDW
VEC,BSLNPTAOGJ
VEC,BSLNSGWGWB
VEC,BSLNCQUGQX
VEC,BSLNRUGGMR
VEC,BSLNPVCDHO
VEC,BSLNJRZYAB
VEC,BSLNXKGGNQ
VEC,BSLNUWZWOZ
VEC,BSLNMRFWRR
VGMCF,BSLNUUPLGS
VGMCF,BSLNNRSGTD
VGMCF,BSLNRLVPME
VGMCF,BSLNXZQWJZ
VGMCF,BSLNAYZJGI
VGMCF,BSLNNCRRCR
VGMCF,BSLNKFVXOF
VGMCF,BSLNNTEMFX
VGMCF,BSLNATYNBQ
VGMCF,BSLNFFWENU
VIP,BSLNHTZIGG
VIP,BSLNKTREVO
VIP,BSLNNQUAQS
VIP,BSLNVUZWRU
VIP,BSLNPYDGDP
VIP,BSLNFSVVJW
VIP,BSLNXFBBYG
VIP,BSLNDIDRYJ
VIP,BSLNCFUOPC
VIP,BSLNFMPQUK
VLTBO,BSLNJLOXUJ
VLTBO,BSLNUBDWEE
VLTBO,BSLNMVFTYC
VLTBO,BSLNKYVJVP
VLTBO,BSLNBSHBCN
VLTBO,BSLNLCOGIH
VLTBO,BSLNIJYNOM
VLTBO,BSLNJOJPAH
VLTBO,BSLNNETWLU
VLTBO,BSLNUYKXNW
VOF,BSLNQVWGJI
VOF,BSLNCMRVKO
VOF,BSLNBHZTQR
VOF,BSLNOVAKXG
VOF,BSLNBSWMYB
VOF,BSLNDCIQNA
VOF,BSLNNBAREQ
VOF,BSLNLZFPMG
VOF,BSLNJNLBMP
VOF,BSLNDPIWDO
VPR,BSLNFTAFNK
VPR,BSLNCTUURZ
VPR,BSLNBFRMBX
VPR,BSLNSCZYBG
VPR,BSLNCCNIAB
VPR,BSLNSBXQJS
VPR,BSLNRRZWNP
VPR,BSLNHESJTA
VPR,BSLNJJDBXL
VPR,BSLNWLXIGF
VRL,BSLNUXBKHH
VRL,BSLNGHLPQO
VRL,BSLNPQTERW
VRL,BSLNZUIDCO
VRL,BSLNHWBBPT
VRL,BSLNPILZPN
VRL,BSLNNGDSCD
VRL,BSLNGVURIJ
VRL,BSLNOBSIBZ
VRL,BSLNLCDQUM
VSP,BSLNEUPUFT
VSP,BSLNYZXNYQ
VSP,BSLNILWHDY
VSP,BSLNBMJAAP
VSP,BSLNVTGUBF
VSP,BSLNOTJZIN
VSP,BSLNMDZOMA
VSP,BSLNDNTSDU
VSP,BSLNCRYZZW
VSP,BSLNCBPNMY
VTC,BSLNLCUNFO
VTC,BSLNCLZDIV
VTC,BSLNCHKYKS
VTC,BSLNDUFZAX
VTC,BSLNYZJOZH
VTC,BSLNFAFWDH
VTC,BSLNCULMJD
VTC,BSLNQVPHRC
VTC,BSLNKCENSH
VTC,BSLNNUIBLF
VVZMS,BSLNRDPGRZ
VVZMS,BSLNRAQCHT
VVZMS,BSLNGEYTFS
VVZMS,BSLNVMIWKT
VVZMS,BSLNYWZMJL
VVZMS,BSLNONFUOZ
VVZMS,BSLNXDGJWI
VVZMS,BSLNFIZFMT
VVZMS,BSLNOHWISW
VVZMS,BSLNOAXFQI
WASFP,BSLNOKEKFT
WASFP,BSLNYMVTSW
WASFP,BSLNRHFRWK
WASFP,BSLNBBRLFE
WASFP,BSLNCGFKZI
WASFP,BSLNOBWCBV
WASFP,BSLNBULQZK
WASFP,BSLNCIJLEV
WASFP,BSLNYZLPOF
WASFP,BSLNWCZZGV
WCA,BSLNSJUCDY
WCA,BSLNIUNUAA
WCA,BSLNQWFEEX
WCA,BSLNNBQIDJ
WCA,BSLNEHUYSG
WCA,BSLNTLOZDF
WCA,BSLNSVYIAS
WCA,BSLNLGXRQV
WCA,BSLNHYTLUJ
WCA,BSLNIGTCCA
WCLC,BSLNHSGAVA
WCLC,BSLNIGLGAR
WCLC,BSLNUGFSVD
WCLC,BSLNSMKAUJ
WCLC,BSLNEZWSTV
WCLC,BSLNEDGLPK
WCLC,BSLNKQFWBE
WCLC,BSLNDXHOME
WCLC,BSLNAPCOIQ
WCLC,BSLNTCFTZV
WCTTS,BSLNTCQNAT
WCTTS,BSLNIVHYAL
WCTTS,BSLNEMEBKB
WCTTS,BSLNDGUDKU
WCTTS,BSLNYNLYJO
WCTTS,BSLNTSZKXP
WCTTS,BSLNUCMCDN
WCTTS,BSLNWHORJJ
WCTTS,BSLNXQLPUU
WCTTS,BSLNYCTKBV
WFAS,BSLNJPLAYS
WFAS,BSLNBONYNA
WFAS,BSLNBUWSJI
WFAS,BSLNCQQRFH
WFAS,BSLNLURWVN
WFAS,BSLNGQVGDV
WFAS,BSLNCPPJLZ
WFAS,BSLNMZKBGF
WFAS,BSLNXPQBKQ
WFAS,BSLNKXXLPU
WHFGM,BSLNSMXFMQ
WHFGM,BSLNHBIQDG
WHFGM,BSLNSSWKDZ
WHFGM,BSLNGUFQTE
WHFGM,BSLNCCZFWO
WHFGM,BSLNCTXOBT
WHFGM,BSLNRJLLXL
WHFGM,BSLNYUYBAB
WHFGM,BSLNAOEQWW
WHFGM,BSLNKKOOWC
WMHFP,BSLNWCURTG
WMHFP,BSLNTZBKIF
WMHFP,BSLNNCAFXT
WMHFP,BSLNFSYPLU
WMHFP,BSLNQWNNLL
WMHFP,BSLNQEFJAI
WMHFP,BSLNJXQPMW
WMHFP,BSLNZDCXLG
WMHFP,BSLNSBHXLE
WMHFP,BSLNLFWRLL
WOBKC,BSLNDLPEYK
WOBKC,BSLNYAAHGU
WOBKC,BSLNRMLHXH
WOBKC,BSLNSMDEKR
WOBKC,BSLNOTHJMK
WOBKC,BSLNXUWCRN
WOBKC,BSLNJTPHNL
WOBKC,BSLNFBTONK
WOBKC,BSLNOHCGOZ
WOBKC,BSLNNOYKCB
WPPNG,BSLNVFFHQS
WPPNG,BSLNINKZFU
WPPNG,BSLNJMSRJC
WPPNG,BSLNJZVUZO
WPPNG,BSLNNGWAPB
WPPNG,BSLNXSUDME
WPPNG,BSLNGOLOWU
WPPNG,BSLNXDXKWH
WPPNG,BSLNMYSKHJ
WPPNG,BSLNHOEATO
WRT,BSLNIWYZYH
WRT,BSLNXGUWER
WRT,BSLNTBANAH
WRT,BSLNVPAPJM
WRT,BSLNTUKDDL
WRT,BSLNQKKQUK
WRT,BSLNAOOIZZ
WRT,BSLNQWNDKR
WRT,BSLNKMQTIH
WRT,BSLNWQYYOJ
WSP,BSLNLTOUTT
WSP,BSLNMONCFO
WSP,BSLNQPUGYX
WSP,BSLNKNQGGI
WSP,BSLNIPBMCZ
WSP,BSLNJOXMDJ
WSP,BSLNXCYVDI
WSP,BSLNILXVYM
WSP,BSLNHXROQU
WSP,BSLNDGULNJ
WTS,BSLNVAEYXL
WTS,BSLNFAPYOG
WTS,BSLNOXGNLQ
WTS,BSLNMEDLRB
WTS,BSLNWOQTQT
WTS,BSLNDJDPPD
WTS,BSLNWTCMCC
WTS,BSLNUJCLPB
WTS,BSLNFBSSHY
WTS,BSLNHJSKIK
YCSCC,BSLNARZSUA
YCSCC,BSLNIWSOIE
YCSCC,BSLNAOMFWL
YCSCC,BSLNTGYXNT
YCSCC,BSLNONZEDO
YCSCC,BSLNUHXNBG
YCSCC,BSLNTSKWJR
YCSCC,BSLNKXPQEI
YCSCC,BSLNSBDKZF
YCSCC,BSLNGHKNKL
