BSI,BSLNOPDVFM
BSI,BSLNULRIUK
BSI,BSLNPDOVPT
BSI,BSLNPMVWNI
BSI,BSLNFCAWFJ
BSI,BSLNNGKMXT
BSI,BSLNSNEQHK
EPN,BSLNTCMUAB
EPN,BSLNLRLTEV
EPN,BSLNGFFSWF
EPN,BSLNSYWMDX
EPN,BSLNQMCFJF
EPN,BSLNKTWEMZ
EPN,BSLNNFBOPQ
EPN,BSLNBSRKTX
EPN,BSLNYEMKEQ
WDY,BSLNJDPYGB
WDY,BSLNKCGDNT
WDY,BSLNBOPMVN
WDY,BSLNBTWNQW
WDY,BSLNBDXTWB
WDY,BSLNAAKJSQ
WDY,BSLNEZKFNY
WDY,BSLNYBTYPY
WDY,BSLNZRCEWB
SJD,BSLNAOTSKH
SJD,BSLNXOGDFM
SJD,BSLNLYBHZX
SJD,BSLNJKGJDS
SJD,BSLNTWEFWP
SJD,BSLNUCORLS
SJD,BSLNIOGCCC
SJD,BSLNJUXITS
SHPU,BSLNVQCLNU
SHPU,BSLNAYSLLZ
SHPU,BSLNNJXJTW
SHPU,BSLNBHMVDO
SHPU,BSLNUBXHWF
SHPU,BSLNIDCATN
SHPU,BSLNFRHDWI
SHPU,BSLNDAPXTO
SHPU,BSLNGIIVCK
SHPU,BSLNAXOEFV
OPMA,BSLNUGJYZR
OPMA,BSLNVVLZWG
OPMA,BSLNGXJTNS
OPMA,BSLNNWRDEE
OPMA,BSLNPGJCDI
OPMA,BSLNFDXLFZ
OPMA,BSLNYCIJNI
OPMA,BSLNKFEPPM
TCI,BSLNKCEFHP
TCI,BSLNSSXYGM
TCI,BSLNIGAGNW
TCI,BSLNMGWKWI
TCI,BSLNNHUXHV
TCI,BSLNOPFXZH
TCI,BSLNHXNDCS
TCI,BSLNWDSPQL
TCI,BSLNXTGZFZ
TCI,BSLNMSGGAO
DKTC,BSLNKGIDSL
DKTC,BSLNXQATJU
DKTC,BSLNMNFBDV
DKTC,BSLNZQDAGZ
DKTC,BSLNMMXNOD
DKTC,BSLNJGFQNI
DKTC,BSLNCLGPYF
DKTC,BSLNOFKKRZ
DKTC,BSLNYLLUXM
DKTC,BSLNFUNHLG
CTRM,BSLNCRWRDD
CTRM,BSLNGAXMAJ
CTRM,BSLNYYYTUB
CTRM,BSLNMGOAQF
CTRM,BSLNVDCNZM
CTRM,BSLNQZFTQL
CTRM,BSLNWUUJYU
SCJ,BSLNJWSFCA
SCJ,BSLNKLJPWF
SCJ,BSLNSRUAHS
SCJ,BSLNONATOY
SCJ,BSLNZTUBBN
SCJ,BSLNBOOAXJ
SCJ,BSLNYAIAVX
SCJ,BSLNODPHNV
ADPA,BSLNOEPALI
ADPA,BSLNIYZQTQ
ADPA,BSLNIJCBIP
ADPA,BSLNPPMBOP
ADPA,BSLNIWFSSC
ADPA,BSLNNLDAXZ
ADPA,BSLNQTXOYR
ADPA,BSLNHKLVIL
ADPA,BSLNFRSSRY
ADPA,BSLNCOIERY
SMEOB,BSLNWKHKYR
SMEOB,BSLNGPEIZC
SMEOB,BSLNYPTJZA
SMEOB,BSLNYCDCFU
SMEOB,BSLNBPLIRC
SMEOB,BSLNOHJDWJ
SMEOB,BSLNAGCKLW
SMEOB,BSLNQHWJHH
ASQJ,BSLNWYVROV
ASQJ,BSLNKZREBZ
ASQJ,BSLNOZHQSC
ASQJ,BSLNLBSIFQ
ASQJ,BSLNRHGTZC
ASQJ,BSLNVYIUWE
ASQJ,BSLNICODDY
ASQJ,BSLNWZXTFM
ASQJ,BSLNMGAEFK
SCCCI,BSLNLLFYRT
SCCCI,BSLNOHAZTH
SCCCI,BSLNJVUYMP
SCCCI,BSLNTTVNOQ
SCCCI,BSLNSXAETV
SCCCI,BSLNBPTGAH
SCCCI,BSLNRSWIOD
SCCCI,BSLNSQCOCQ
ATSS,BSLNAAXVLF
ATSS,BSLNJWNFCO
ATSS,BSLNUFKBJR
ATSS,BSLNFCLZZT
ATSS,BSLNMAOLYM
ATSS,BSLNSDZCCE
ATSS,BSLNVOJIMZ
NBCM,BSLNFZBRPP
NBCM,BSLNVOQHCL
NBCM,BSLNQPJUWH
NBCM,BSLNPEKRNJ
NBCM,BSLNRVKKUC
NBCM,BSLNSXVFUA
NBCM,BSLNLVHJLF
NBCM,BSLNKNOVDA
SMBP,BSLNVFTQXG
SMBP,BSLNMRLREB
SMBP,BSLNDEXSIT
SMBP,BSLNQIUPGJ
SMBP,BSLNAYBNJU
SMBP,BSLNGLKUIU
SMBP,BSLNHNFSGL
SMBP,BSLNIZYYJG
SMBP,BSLNVHATQX
RDPCA,BSLNUKGPDE
RDPCA,BSLNVXIYVP
RDPCA,BSLNNTOSXU
RDPCA,BSLNGKYIWP
RDPCA,BSLNPSCIXJ
RDPCA,BSLNVRXVPA
RDPCA,BSLNRZEIEI
RDPCA,BSLNXTSANL
KCRSS,BSLNTTHJJK
KCRSS,BSLNAHSXMM
KCRSS,BSLNSJTXHJ
KCRSS,BSLNPFMKGW
KCRSS,BSLNGDBEJY
KCRSS,BSLNDMONKQ
KCRSS,BSLNMPZKUZ
KCRSS,BSLNQUVCHZ
STB,BSLNBZNHMT
STB,BSLNAGWROB
STB,BSLNBSLUNN
STB,BSLNVUQKJL
STB,BSLNSDLZGO
STB,BSLNULJCBH
STB,BSLNDPVHCD
STB,BSLNFRJLEG
BPPEP,BSLNUMUSDS
BPPEP,BSLNUDDHYS
BPPEP,BSLNBWCSYY
BPPEP,BSLNHTCJHO
BPPEP,BSLNRVUUGT
BPPEP,BSLNYENLDC
BPPEP,BSLNWBDWAT
BPPEP,BSLNSIYSOK
BPPEP,BSLNQUXWJH
IDECT,BSLNKREGNO
IDECT,BSLNGCVZXR
IDECT,BSLNAPYPBL
IDECT,BSLNCIZUTY
IDECT,BSLNCCZBEM
IDECT,BSLNHPEQFS
IDECT,BSLNUKENTX
IDECT,BSLNROKVXC
IDECT,BSLNMKGLHB
ISCY,BSLNDBZROO
ISCY,BSLNVYCQKJ
ISCY,BSLNJZCOCG
ISCY,BSLNIULMIU
ISCY,BSLNDULOXT
ISCY,BSLNQFMACP
ISCY,BSLNLZLRIZ
ISCY,BSLNGZFWEH
THS,BSLNTNEVYX
THS,BSLNZEOJOA
THS,BSLNDPYREL
THS,BSLNQSZHRZ
THS,BSLNMNBHCJ
THS,BSLNSVLGRJ
THS,BSLNSAYLAI
THS,BSLNXNNVIH
THS,BSLNJPWEYT
GBM,BSLNPAKHJZ
GBM,BSLNWMHXVD
GBM,BSLNBAMNYE
GBM,BSLNDAGYDR
GBM,BSLNWMVELN
GBM,BSLNGNSQOU
FSF,BSLNSACHFT
FSF,BSLNYKRUVX
FSF,BSLNRNQZIO
FSF,BSLNQVWGLK
FSF,BSLNJGUYLN
FSF,BSLNWIBQAU
FSF,BSLNCRAZVK
FSF,BSLNETDJIL
PCCE,BSLNBXMEQG
PCCE,BSLNFWDKTY
PCCE,BSLNIGUYGN
PCCE,BSLNCWBDHR
PCCE,BSLNNERNVX
PCCE,BSLNSRLONC
PCCE,BSLNBKSGVI
PCCE,BSLNJWOCMI
PCCE,BSLNHVARVW
PCCE,BSLNKKNXCF
BMMC,BSLNVFZPKT
BMMC,BSLNFNFZGI
BMMC,BSLNYHVXPS
BMMC,BSLNAEPCHI
BMMC,BSLNHVEYQR
BMMC,BSLNLZHLUA
BMMC,BSLNLQNEZJ
BMMC,BSLNQGSHAH
BMMC,BSLNFPVDHV
SMB,BSLNPLAVWF
SMB,BSLNWDQGCI
SMB,BSLNTMLJCJ
SMB,BSLNFHQIAX
SMB,BSLNNFWPPP
SMB,BSLNGJXNZV
SMB,BSLNICDCIN
SMB,BSLNKOUBXB
CSU,BSLNTHVXSQ
CSU,BSLNIVUIJV
CSU,BSLNINHIJG
CSU,BSLNUPYOSH
CSU,BSLNJOEHGD
CSU,BSLNIWQWRC
CSU,BSLNBFOFNH
CSU,BSLNDAQJFN
ETGI,BSLNCBZMIK
ETGI,BSLNFHJBXK
ETGI,BSLNEOFQPF
ETGI,BSLNOVATJY
ETGI,BSLNURJYJH
ETGI,BSLNSBIIKO
ETGI,BSLNKIJBJW
PYW,BSLNBBDDYB
PYW,BSLNRQHWQU
PYW,BSLNIZVMZM
PYW,BSLNQSOXJQ
PYW,BSLNAPPBMH
PYW,BSLNPWGTHV
PYW,BSLNVWGQPF
PYW,BSLNAEIURB
TLG,BSLNEHLMDR
TLG,BSLNMOXZKM
TLG,BSLNZSSMQC
TLG,BSLNKSALAM
TLG,BSLNGFXDNV
TLG,BSLNSOXVTL
TLG,BSLNQKYIJW
PMLP,BSLNNLVPPW
PMLP,BSLNNTBYMC
PMLP,BSLNBSCJEU
PMLP,BSLNKWOYZV
PMLP,BSLNPYQFQH
PMLP,BSLNUSJIAM
PMLP,BSLNHOFRLO
PMLP,BSLNBWWEZF
HOV,BSLNMCDRGY
HOV,BSLNDAEABP
HOV,BSLNNNLBAY
HOV,BSLNXPYEWP
HOV,BSLNPJDWAJ
HOV,BSLNJVOVCB
HOV,BSLNWMIWVY
HOV,BSLNRWYXMS
OIRGP,BSLNWBGJGP
OIRGP,BSLNMXUDNB
OIRGP,BSLNDSOIRK
OIRGP,BSLNHBBSCZ
OIRGP,BSLNZFXGGU
OIRGP,BSLNSUFWHY
OIRGP,BSLNYIMUXF
OIRGP,BSLNYWCBGL
OIRGP,BSLNAPLYUB
