EPN,BSLNTZFCZN
SMBP,BSLNXHRMVX
PMLP,BSLNKOXKCG
DKTC,BSLNMGYQDA
SCJ,BSLNEVKHDW
CSU,BSLNIRHGMJ
CTRM,BSLNCLNQVL
OPMA,BSLNBUIRUE
CSU,BSLNKHMJKO
SCJ,BSLNPFSSOJ
GBM,BSLNUQCOPN
NBCM,BSLNBXXLSU
OPMA,BSLNQKUUXT
TCI,BSLNKOQRBO
EPN,BSLNHQHKEB
SMEOB,BSLNMEIRMR
THS,BSLNLZSRGR
ETGI,BSLNTMGVOQ
KCRSS,BSLNTYONVT
OPMA,BSLNLYLPOI
FSF,BSLNPEJTXP
ASQJ,BSLNNXKIYV
PYW,BSLNDGBXNJ
FSF,BSLNVYAWXO
FSF,BSLNSKXDQC
SMB,BSLNGHYZZY
DKTC,BSLNSRTSYF
PCCE,BSLNHQCOSJ
ISCY,BSLNFTNCRX
TCI,BSLNCQVQOK
SJD,BSLNPBDGSL
PMLP,BSLNNVTQBR
STB,BSLNKBWXBO
WDY,BSLNEMUOTM
ADPA,BSLNVQBPGA
PMLP,BSLNOKOXON
KCRSS,BSLNLAXSZX
HOV,BSLNFKVYHN
ADPA,BSLNRTPUXY
SCCCI,BSLNVCMSLA
ASQJ,BSLNBDGAFD
ASQJ,BSLNISZZHR
OIRGP,BSLNTNQSHF
TLG,BSLNVUMNXA
IDECT,BSLNDEPWSG
ASQJ,BSLNKMSGDV
OPMA,BSLNDRZMWI
PYW,BSLNJNKGGQ
SMEOB,BSLNTACVFE
GBM,BSLNFRKZIT
SCCCI,BSLNTABLQH
PCCE,BSLNVALXFG
KCRSS,BSLNDZBUDL
SCJ,BSLNEASNTR
WDY,BSLNKEKOOK
PYW,BSLNCPIWQV
SJD,BSLNPQDQFM
STB,BSLNXTWAJK
WDY,BSLNJGFZRH
EPN,BSLNQYNOZC
