performance_a213,password
performance_h41,password
performance_c292,password
performance_i219,password
performance_a260,password
performance_d527,password
performance_i226,password
performance_h115,password
performance_e112,password
performance_f162,password
performance_a35,password
performance_c318,password
performance_a291,password
performance_h195,password
performance_i246,password
performance_e46,password
performance_d547,password
performance_a31,password
performance_f45,password
performance_i273,password
performance_h277,password
performance_a328,password
performance_c479,password
performance_e90,password
performance_d595,password
performance_a33,password
performance_f74,password
performance_i106,password
performance_i248,password
performance_e119,password
performance_a372,password
performance_d753,password
performance_a38,password
performance_c488,password
performance_f125,password
performance_i101,password
performance_e63,password
performance_i370,password
performance_d786,password
performance_a106,password
performance_b94,password
performance_e127,password
performance_i6,password
performance_c497,password
performance_d825,password
performance_f151,password
performance_a75,password
performance_i412,password
performance_b17,password
performance_i37,password
performance_e11,password
performance_d944,password
performance_f192,password
performance_i468,password
performance_b45,password
performance_a2,password
performance_i48,password
performance_e4,password
performance_d958,password
performance_f31,password
performance_a17,password
performance_c55,password
performance_i487,password
performance_b110,password
performance_a56,password
performance_f174,password
performance_i520,password
performance_e22,password
performance_i84,password
performance_b99,password
performance_d965,password
performance_a64,password
performance_c88,password
performance_i561,password
performance_e43,password
performance_a11,password
performance_f109,password
performance_b131,password
performance_d970,password
performance_i83,password
performance_i597,password
performance_e78,password
performance_a3,password
performance_f140,password
performance_b88,password
performance_c179,password
performance_d114,password
performance_i108,password
performance_e6,password
performance_i601,password
performance_a88,password
performance_f69,password
performance_b81,password
performance_d86,password
performance_e17,password
performance_i35,password
performance_c214,password
performance_f142,password
performance_i617,password
performance_a18,password
performance_b39,password
performance_d19,password
performance_e118,password
performance_i57,password
performance_c238,password
performance_f96,password
performance_i697,password
performance_a42,password
performance_b64,password
performance_d145,password
performance_i61,password
performance_c283,password
performance_e64,password
performance_f156,password
performance_a6,password
performance_i736,password
performance_b18,password
performance_d171,password
performance_c305,password
performance_e76,password
performance_f166,password
performance_a10,password
performance_i746,password
performance_i3,password
performance_b55,password
performance_d217,password
performance_c372,password
performance_a5,password
performance_f81,password
performance_i65,password
performance_b116,password
performance_d252,password
performance_c432,password
performance_f147,password
performance_i16,password
performance_e68,password
performance_i90,password
performance_b144,password
performance_d260,password
performance_a40,password
performance_c473,password
performance_f184,password
performance_i152,password
performance_e120,password
performance_i41,password
performance_b5,password
performance_a16,password
performance_d281,password
performance_c485,password
performance_f102,password
performance_i21,password
performance_e54,password
performance_i187,password
performance_a7,password
performance_b33,password
performance_c66,password
performance_d293,password
performance_f91,password
performance_e10,password
performance_i206,password
performance_a73,password
performance_i100,password
performance_b50,password
performance_d334,password
performance_c36,password
performance_f160,password
performance_a61,password
performance_e102,password
performance_i241,password
performance_i75,password
performance_b122,password
performance_d352,password
performance_c116,password
performance_f27,password
performance_i295,password
performance_e47,password
performance_b6,password
performance_i62,password
performance_a1,password
performance_d354,password
performance_f82,password
performance_c234,password
performance_i322,password
performance_b67,password
performance_a62,password
performance_e104,password
performance_i29,password
performance_d377,password
performance_f110,password
performance_c271,password
performance_a50,password
performance_i15,password
performance_i328,password
performance_b76,password
performance_e1,password
performance_d385,password
performance_f155,password
performance_c95,password
performance_a0,password
performance_i437,password
